,price,rank,title,no_of_reviews,ratings,author,cover_type,year
0,15.73,1,The Lost Symbol (Robert Langdon),29033.00,4.3,Dan Brown,Hardcover,2009
1,10.14,2,The Shack: Where Tragedy Confronts Eternity,41131.00,4.6,William P. Young,Paperback,2009
2,14.76,3,Liberty and Tyranny: A Conservative Manifesto,5340.00,4.8,Mark R. Levin,Hardcover,2009
3,20.49,4,"Breaking Dawn (The Twilight Saga, Book 4)",25436.00,4.7,Stephenie Meyer,Hardcover,2009
4,6.3,5,Going Rogue: An American Life,1598.00,4.6,Sarah Palin,Hardcover,2009
5,15.37,6,StrengthsFinder 2.0,8180.00,4.1,Gallup,Hardcover,2009
6,15,7,The Help,33013.00,4.7,Kathryn Stockett,Hardcover,2009
7,16.76,8,New Moon (The Twilight Saga),21024.00,4.6,Stephenie Meyer,Paperback,2009
8,58,9,The Twilight Saga Collection,7063.00,4.7,Stephenie Meyer,Hardcover,2009
9,15.69,10,Outliers: The Story of Success,35973.00,4.6,Malcolm Gladwell,Hardcover,2009
10,20,11,Eclipse (Twilight),20418.00,4.7,Stephenie Meyer,Hardcover,2009
11,16.94,12,"Twilight (The Twilight Saga, Book 1)",35200.00,4.7,Stephenie Meyer,Paperback,2009
12,9.69,13,"Glenn Beck's Common Sense: The Case Against an Out-of-Control Government, Inspired by Thomas Paine",1429.00,4.5,Glenn Beck,Paperback,2009
13,12.19,14,Three Cups of Tea: One Man's Mission to Promote Peace - One School at a Time,4229.00,4.3,Greg Mortenson,Paperback,2009
14,12.86,15,The Love Dare,3510.00,4.8,Stephen Kendrick,Paperback,2009
15,21.49,16,"Act Like a Lady, Think Like a Man: What Men Really Think About Love, Relationships, Intimacy, and Commitment",8489.00,4.5,Steve Harvey,Hardcover,2009
16,11.32,17,"Dog Days (Diary of a Wimpy Kid, Book 4) (Volume 4)",14980.00,4.6,Jeff Kinney,Hardcover,2009
17,28.42,18,Under the Dome: A Novel,13357.00,4.4,Stephen King,Hardcover,2009
18,10.32,19,The Guernsey Literary and Potato Peel Pie Society,37114.00,4.6,Mary Ann Shaffer,Paperback,2009
19,9.73,20,Eat This Not That! Supermarket Survival Guide: The No-Diet Weight Loss Solution,958.00,4.5,David Zinczenko,Paperback,2009
20,9.62,21,Arguing with Idiots: How to Stop Small Minds and Big Government,913.00,4.6,Glenn Beck,Hardcover,2009
21,25.99,22,"Mastering the Art of French Cooking, Volume I: 50th Anniversary Edition: A Cookbook",8221.00,4.8,Julia Child,Hardcover,2009
22,59.99,23,Sookie Stackhouse,1002.00,4.7,Charlaine Harris,Mass Market Paperback,2009
23,9.58,24,The Time Traveler's Wife,10794.00,4.4,Audrey Niffenegger,Paperback,2009
24,15.38,25,"Publication Manual of the American Psychological Association, 6th Edition",12971.00,4.5,American Psychological Association,Paperback,2009
25,10.01,26,True Compass: A Memoir,584.00,4.5,Edward M. Kennedy,Hardcover,2009
26,10.77,27,The Girl with the Dragon Tattoo (The Girl with the Dragon Tattoo Series),31500.00,4.5,Stieg Larsson,Paperback,2009
27,10.99,28,The 5000 Year Leap,2655.00,4.8,W. Cleon Skousen,Paperback,2009
28,18.29,29,Good to Great: Why Some Companies Make the Leap and Others Don't,8446.00,4.5,Jim Collins,Hardcover,2009
29,14.26,30,Eclipse (Twilight Sagas),20418.00,4.7,Stephenie Meyer,Paperback,2009
30,14.72,51,Diary of a Wimpy Kid Do-it-yourself Book,10199.00,4.8,Jeff Kinney,Hardcover,2009
31,26.67,52,Open: An Autobiography,20123.00,4.6,Andre Agassi,Hardcover,2009
32,13.49,53,Pride and Prejudice and Zombies,2780.00,4.2,Jane Austen,Paperback,2009
33,12.98,54,Cook Yourself Thin: Skinny Meals You Can Make in Minutes,917.00,4.3,"Lifetime Television,",Paperback,2009
34,14.69,55,Hungry Girl: 200 Under 200: 200 Recipes Under 200 Calories,907.00,4.4,Lisa Lillien,Paperback,2009
35,19.79,56,"Born to Run: A Hidden Tribe, Superathletes, and the Greatest Race the World Has Never Seen",23867.00,4.7,Christopher McDougall,Hardcover,2009
36,8.14,57,A Bold Fresh Piece of Humanity,860.00,4.6,Bill O'Reilly,Hardcover,2009
37,14.39,58,The Pioneer Woman Cooks: Recipes from an Accidental Country Girl,5748.00,4.8,Ree Drummond,Hardcover,2009
38,7.83,59,The Book Thief,67291.00,4.6,Markus Zusak,Paperback,2009
39,14.95,60,South of Broad,4075.00,4.5,Pat Conroy,Hardcover,2009
40,10.59,61,The Omnivore's Dilemma: A Natural History of Four Meals,5205.00,4.6,Michael Pollan,Paperback,2009
41,15.78,62,The Host,13321.00,4.6,Stephenie Meyer,Hardcover,2009
42,9.74,63,Master Your Metabolism: The 3 Diet Secrets to Naturally Balancing Your Hormones for a Hot and Healthy Body!,1038.00,4.3,Jillian Michaels,Hardcover,2009
43,13.57,64,Ford County: Stories,8113.00,4.4,John Grisham,Hardcover,2009
44,9.29,65,"Culture of Corruption: Obama and His Team of Tax Cheats, Crooks, and Cronies",1120.00,4.6,Michelle Malkin,Hardcover,2009
45,12.73,66,Blink: The Power of Thinking Without Thinking,12911.00,4.5,Malcolm Gladwell,Paperback,2009
46,12.25,67,"Diary of a Wimpy Kid, Book 1",27236.00,4.6,Jeff Kinney,Hardcover,2009
47,10.05,68,The Graveyard Book,14216.00,4.7,Neil Gaiman,Hardcover,2009
48,25.99,69,An Echo in the Bone (Outlander),34324.00,4.7,Diana Gabaldon,Hardcover,2009
49,20.99,70,"The Gathering Storm (Wheel of Time, Book 12)",12910.00,4.8,Robert Jordan,Hardcover,2009
50,10.7,71,Dreams from My Father: A Story of Race and Inheritance,10533.00,4.7,Barack Obama,Paperback,2009
51,17.88,72,Pirate Latitudes: A Novel,6636.00,4.2,Michael Crichton,Hardcover,2009
52,71.93,73,The Official SAT Study Guide: For the New SAT (tm),273.00,4.4,The College Board,Paperback,2009
53,16.7,74,Getting Things Done: The Art of Stress-Free Productivity,5249.00,4.5,David Allen,Paperback,2009
54,10.3,75,How to Win Friends & Influence People (Dale Carnegie Books),111939.00,4.7,Dale Carnegie,Paperback,2009
55,1.87,76,The Official SAT Study Guide,1558.00,4.4,The College Board,Paperback,2009
56,10.5,77,Finger Lickin' Fifteen (A Stephanie Plum Novel) (Stephanie Plum Novels),7303.00,4.5,Janet Evanovich,Hardcover,2009
57,10.25,78,Sarah's Key,11120.00,4.5,Tatiana de Rosnay,Paperback,2009
58,7.99,79,From Dead to Worse (Sookie Stackhouse/True Blood),3332.00,4.6,Charlaine Harris,Mass Market Paperback,2009
59,23.35,80,Wolf Hall,20011.00,4.2,Hilary Mantel,Hardcover,2009
60,22.6,81,The Hunger Games,42770.00,4.7,Suzanne Collins,Hardcover,2009
61,13.2,82,The Yankee Years,425.00,4.6,Joe Torre,Hardcover,2009
62,23.95,83,Push: A Novel,1477.00,4.6,Sapphire,Paperback,2009
63,14.95,84,The End of Overeating: Taking Control of the Insatiable American Appetite,956.00,4.3,David Kessler,Hardcover,2009
64,11.52,85,The Lacuna: A Novel,1787.00,4.3,Barbara Kingsolver,Hardcover,2009
65,17.99,86,Crucial Conversations: Tools for Talking When Stakes are High,772.00,4.5,Kerry Patterson,Paperback,2009
66,10.97,87,Half the Sky: Turning Oppression into Opportunity for Women Worldwide,2194.00,4.7,Nicholas D. Kristof,Hardcover,2009
67,11.95,88,The Associate,3826.00,4.4,John Grisham,Hardcover,2009
68,22.72,89,Artisan Bread in Five Minutes a Day: The Discovery That Revolutionizes Home Baking,2189.00,4.7,Jeff Hertzberg,Hardcover,2009
69,9.99,90,Three Cups of Tea: One Man's Journey to Change the World... One Child at a Time (Young Reader's Edition),312.00,4.5,Sarah Thomson,Paperback,2009
70,9.31,91,Pursuit of Honor,3525.00,4.7,Vince Flynn,Hardcover,2009
71,23.65,92,What the Dog Saw: And Other Adventures,2143.00,4.6,Malcolm Gladwell,Hardcover,2009
72,13.99,93,The Last Song,3597.00,4.7,Nicholas Sparks,Hardcover,2009
73,17.99,94,Atlas Shrugged,14137.00,4.5,Ayn Rand,Paperback,2009
74,10.79,95,The White Tiger: A Novel,6013.00,4.3,Aravind Adiga,Paperback,2009
75,17.89,96,"Now, Discover Your Strengths: The revolutionary Gallup program that shows you how to develop your unique talents and strengths",766.00,3.5,Gallup,Hardcover,2009
76,16.14,97,Same Kind of Different As Me,4841.00,4.7,Ron Hall,Paperback,2009
77,12.85,98,U is for Undertow: A Kinsey Millhone Novel,2801.00,4.6,Sue Grafton,Hardcover,2009
78,9.49,99,Catching Fire (The Hunger Games),32459.00,4.7,Suzanne Collins,Hardcover,2009
79,12.15,1,The Girl Who Kicked the Hornet's Nest (Millennium Trilogy),25140.00,4.6,Stieg Larsson,Hardcover,2010
80,10.77,2,The Girl with the Dragon Tattoo (The Girl with the Dragon Tattoo Series),31500.00,4.5,Stieg Larsson,Paperback,2010
81,12.77,3,Decision Points,2768.00,4.6,George W. Bush,Hardcover,2010
82,15,4,The Help,33013.00,4.7,Kathryn Stockett,Hardcover,2010
83,13.39,5,The Girl Who Played with Fire: A Lisbeth Salander Novel (The Girl with the Dragon Tattoo Series),25394.00,4.6,Stieg Larsson,Paperback,2010
84,10.99,6,"The Ugly Truth (Diary of a Wimpy Kid, Book 5)",19380.00,4.7,Jeff Kinney,Hardcover,2010
85,15.37,7,StrengthsFinder 2.0,8180.00,4.1,Gallup,Hardcover,2010
86,11.44,8,Mockingjay (the Final Book of the Hunger Games) (Hunger Games (Cloth)),79880.00,4.6,Suzanne Collins,Hardcover,2010
87,10.57,9,Women Food and God: An Unexpected Path to Almost Everything,2651.00,4.4,Geneen Roth,Hardcover,2010
88,15.38,10,"Publication Manual of the American Psychological Association, 6th Edition",12971.00,4.5,American Psychological Association,Paperback,2010
89,16.9,11,"Autobiography of Mark Twain, Vol. 1",636.00,4.4,Mark Twain,Hardcover,2010
90,14.17,12,The Big Short: Inside the Doomsday Machine,15989.00,4.6,Michael Lewis,Hardcover,2010
91,13.49,13,Food Rules: An Eater's Manual,4542.00,4.4,Michael Pollan,Paperback,2010
92,15.68,14,"Unbroken: A World War II Story of Survival, Resilience, and Redemption",75437.00,4.7,Laura Hillenbrand,Hardcover,2010
93,11.98,15,"Dead in the Family (Sookie Stackhouse/True Blood, Book 10)",5209.00,4.5,Charlaine Harris,Hardcover,2010
94,14.16,16,Sh*t My Dad Says,11625.00,4.5,Justin Halpern,Hardcover,2010
95,17.12,17,Crazy Love: Overwhelmed by a Relentless God,2262.00,4.7,Francis Chan,Paperback,2010
96,14.99,18,The Short Second Life of Bree Tanner: An Eclipse Novella (The Twilight Saga),7000.00,4.7,Stephenie Meyer,Hardcover,2010
97,6.02,19,Life,7272.00,4.5,Keith Richards,Hardcover,2010
98,14.1,20,Cutting for Stone,14772.00,4.6,Abraham Verghese,Paperback,2010
99,11.24,21,The Daily Show with Jon Stewart Presents Earth (The Book): A Visitor's Guide to the Human Race,594.00,4.5,Jon Stewart,Hardcover,2010
100,14.1,22,The Official SAT Study Guide,1558.00,4.4,The College Board,Paperback,2010
101,9.64,23,"Game Change: Obama and the Clintons, McCain and Palin, and the Race of a Lifetime",1934.00,4.5,John Heilemann,Hardcover,2010
102,15.7,24,The Immortal Life of Henrietta Lacks,27819.00,4.6,Rebecca Skloot,Hardcover,2010
103,13.23,25,"The Lost Hero (Heroes of Olympus, Book 1)",24849.00,4.7,Rick Riordan,Hardcover,2010
104,16.78,26,Teach Like a Champion: 49 Techniques that Put Students on the Path to College,884.00,4.5,Doug Lemov,Paperback,2010
105,15.69,27,Outliers: The Story of Success,35973.00,4.6,Malcolm Gladwell,Hardcover,2010
106,11.64,28,Catching Fire (The Hunger Games),64916.00,4.7,Suzanne Collins,Hardcover,2010
107,18.2,29,"The Five Dysfunctions of a Team: A Leadership Fable, 20th Anniversary Edition",12416.00,4.6,Patrick Lencioni,Hardcover,2010
108,18.29,30,Good to Great: Why Some Companies Make the Leap and Others Don't,8446.00,4.5,Stephen R. Covey,Hardcover,2010
109,17.95,51,The 7 Habits of Highly Effective People: Powerful Lessons in Personal Change,1762.00,4.6,Stephen R. Covey,Paperback,2010
110,11.42,52,Cleopatra: A Life,2278.00,4.2,Stacy Schiff,Hardcover,2010
111,17,53,Freedom: A Novel,5794.00,4.2,Jonathan Franzen,Hardcover,2010
112,13.69,54,Freedom,5794.00,4.2,Jonathan Franzen,Hardcover,2010
113,19.79,55,"Born to Run: A Hidden Tribe, Superathletes, and the Greatest Race the World Has Never Seen",23867.00,4.7,Christopher McDougall,Hardcover,2010
114,20.64,56,Fall of Giants (The Century Trilogy),50707.00,4.4,Ken Follett,Hardcover,2010
115,15.99,57,"Eat, Pray, Love: One Woman's Search for Everything Across Italy, India and Indonesia",15228.00,4.4,Elizabeth Gilbert,Paperback,2010
116,10.5,58,"Eat Pray Love: One Woman's Search for Everything Across Italy, India and Indonesia",15228.00,4.4,Elizabeth Gilbert,Paperback,2010
117,14.8,59,Tao I: The Way of All Life,96.00,4.4,Zhi Gang Sha Dr.,Hardcover,2010
118,25.16,60,The Checklist Manifesto: How to Get Things Right,13098.00,4.5,Gallup,Hardcover,2010
119,9.95,61,Chelsea Chelsea Bang Bang,1526.00,4.4,Mike Moreno,Hardcover,2010
120,9.99,62,Let the Great World Spin: A Novel,3646.00,4.3,The College Board,Paperback,2010
121,14.39,63,The Pioneer Woman Cooks: Recipes from an Accidental Country Girl,5748.00,4.8,Ree Drummond,Hardcover,2010
122,14.99,64,The Tipping Point: How Little Things Can Make a Big Difference,8359.00,4.4,Malcolm Gladwell,Paperback,2010
123,10.59,65,The Omnivore's Dilemma: A Natural History of Four Meals,5205.00,4.6,Michael Pollan,Paperback,2010
124,17.59,66,The Belly Fat Cure: Discover the New Carb Swap System™ and Lose 4 to 9 lbs. Every Week,1120.00,4.1,Jorge Cruise,Spiral-bound,2010
125,7.99,67,"The Battle of the Labyrinth (Percy Jackson and the Olympians, Book 4)",28749.00,4.8,Rick Riordan,Paperback,2010
126,13.79,68,"The 4-Hour Workweek: Escape 9-5, Live Anywhere, and Join the New Rich",25795.00,4.5,Timothy Ferriss,Hardcover,2010
127,21.48,69,"Full Dark, No Stars",6263.00,4.6,Stephen King,Hardcover,2010
128,1.5,70,Sizzling Sixteen (Stephanie Plum Novels),7460.00,4.5,Janet Evanovich,Hardcover,2010
129,16.21,71,The Grand Design,4122.00,4.5,Stephen Hawking,Hardcover,2010
130,14.49,72,The Overton Window ,1433.00,4.6,Glenn Beck,Hardcover,2010
131,8.89,73,"Jesus Calling, Padded Hardcover, with Scripture References: Enjoying Peace in His Presence (A 365-Day Devotional)",43017.00,4.9,Sarah Young,Hardcover,2010
132,12.12,74,Spoken from the Heart,836.00,4.5,Laura Bush,Hardcover,2010
133,14.72,75,Diary of a Wimpy Kid Do-it-yourself Book,10200.00,4.8,Jeff Kinney,Hardcover,2010
134,17.81,76,The Book of Awakening: Having the Life You Want by Being Present to the Life You Have,4470.00,4.7,Mark Nepo,Paperback,2010
135,25.99,77,"Mastering the Art of French Cooking, Volume I: 50th Anniversary Edition: A Cookbook",8221.00,4.8,Julia Child,Hardcover,2010
136,13.42,78,Safe Haven,15274.00,4.6,Nicholas Sparks,Hardcover,2010
137,14.57,79,"Change Your Brain, Change Your Body: Use Your Brain to Get and Keep the Body You Have Always Wanted",947.00,4.4,Daniel G. Amen,Hardcover,2010
138,12.5,80,"The Kind Diet: A Simple Guide to Feeling Great, Losing Weight, and Saving the Planet",1691.00,4.5,Alicia Silverstone,Hardcover,2010
139,44.99,81,Decoded,1514.00,4.7,Jay-Z,Hardcover,2010
140,12.06,82,The Glass Castle: A Memoir (book),19006.00,4.6,Jeannette Walls,Paperback,2010
141,13.4,83,The Shack: Where Tragedy Confronts Eternity,23392.00,4.7,William P. Young,Paperback,2010
142,14.3,84,"Breaking Dawn (The Twilight Saga, Book 4)",16912.00,4.7,Stephenie Meyer,Hardcover,2010
143,23.23,85,Sookie Stackhouse 8-copy Boxed Set (Sookie Stackhouse / Southern Vampire),1234.00,4.7,Charlaine Harris,Mass Market Paperback,2010
144,10.42,86,The Guernsey Literary and Potato Peel Pie Society,14884.00,4.7,Mary Ann Shaffer,Paperback,2010
145,13.49,87,Hotel on the Corner of Bitter and Sweet,6239.00,4.6,Jamie Ford,Paperback,2010
146,15.96,88,"The 4 Hour Body: An Uncommon Guide to Rapid Fat Loss, Incredible Sex and Becoming Superhuman",6580.00,4.4,Timothy Ferriss,Hardcover,2010
147,17.99,89,Crucial Conversations: Tools for Talking When Stakes are High,772.00,4.5,Kerry Patterson,Paperback,2010
148,11.25,90,"Happy Ever After (Bride Quartet, Book 4)",2206.00,4.7,Nora Roberts,Paperback,2010
149,24.33,91,A Guide to the Project Management Body of Knowledge,726.00,4.4,Project Management Institute,Paperback,2010
150,6.99,92,The Book Thief,34536.00,4.7,Markus Zusak,Paperback,2010
151,13.49,93,The Catcher in the Rye,30925.00,4.5,J. D. Salinger,Paperback,2010
152,24,94,"The China Study: The Most Comprehensive Study of Nutrition Ever Conducted And the Startling Implications for Diet, Weight Loss, And Long-term Health",5331.00,4.7,Thomas Campbell,Paperback,2010
153,18.47,95,American Assassin: A Thriller (A Mitch Rapp Novel),8352.00,4.6,Vince Flynn,Hardcover,2010
154,13.99,96,Rework,5996.00,4.5,Jason Fried,Hardcover,2010
155,10.98,97,In Defense of Food: An Eater's Manifesto,2701.00,4.6,Michael Pollan,Paperback,2010
156,12.92,98,Squirrel Seeks Chipmunk: A Modest Bestiary,935.00,4.1,David Sedaris,Hardcover,2010
157,16.13,99,Who Moved My Cheese,16756.00,4.6,Spencer Johnson,Hardcover,2010
158,18.29,1,Steve Jobs,23442.00,4.7,Walter Isaacson,Hardcover,2011
159,9.43,2,Heaven is for Real: A Little Boy's Astounding Story of His Trip to Heaven and Back,24991.00,4.6,Todd Burpo,Paperback,2011
160,7.15,3,"Cabin Fever (Diary of a Wimpy Kid, Book 6)",20986.00,4.7,Jeff Kinney,Hardcover,2011
161,15.37,4,StrengthsFinder 2.0,8180.00,4.1,Gallup,Hardcover,2011
162,7.19,5,The Hunger Games (Book 1),80816.00,4.7,Suzanne Collins,Paperback,2011
163,15.68,6,"Unbroken: A World War II Story of Survival, Resilience, and Redemption",75437.00,4.7,Laura Hillenbrand,Hardcover,2011
164,15.72,7,Inheritance: Book IV (Inheritance Cycle),17199.00,4.7,Christopher Paolini,Hardcover,2011
165,13.45,8,Go the F**k to Sleep,22528.00,4.8,Adam Mansbach,Hardcover,2011
166,11.44,9,Mockingjay (the Final Book of the Hunger Games) (Hunger Games (Cloth)),79880.00,4.6,Suzanne Collins,Hardcover,2011
167,8.51,10,Game of Thrones Boxed Set: A Game of Thrones/A Clash of Kings/A Storm of Swords/A Feast for Crows,8392.00,4.7,George R.R. Martin,Mass Market Paperback,2011
168,11.64,11,Catching Fire (The Hunger Games),64916.00,4.7,Suzanne Collins,Hardcover,2011
169,15.8,12,The 17 Day Diet: A Doctor's Plan Designed for Rapid Results,3215.00,4.3,Mike Moreno,Hardcover,2011
170,19,13,A Dance with Dragons (A Song of Ice and Fire),47723.00,4.6,George R. R. Martin,Hardcover,2011
171,11.39,14,"The Son of Neptune (Heroes of Olympus, Book 2)",25825.00,4.8,Rick Riordan,Hardcover,2011
172,12.98,15,Killing Lincoln: The Shocking Assassination that Changed America Forever (Bill O'Reilly's Killing Series),15075.00,4.6,Bill O'Reilly,Hardcover,2011
173,15.38,16,"Publication Manual of the American Psychological Association, 6th Edition",12971.00,4.5,American Psychological Association,Paperback,2011
174,6.69,17,The Help,33013.00,4.7,Kathryn Stockett,Paperback,2011
175,13.09,18,The Immortal Life of Henrietta Lacks,27819.00,4.6,Rebecca Skloot,Paperback,2011
176,19.09,19,11/22/63: A Novel,3346.00,4.8,Stephen King,Hardcover,2011
177,1.87,20,The Official SAT Study Guide,1558.00,4.4,The College Board,Paperback,2011
178,8.89,21,"Jesus Calling, Padded Hardcover, with Scripture References: Enjoying Peace in His Presence (A 365-Day Devotional)",43017.00,4.9,Sarah Young,Hardcover,2011
179,38.62,22,The Hunger Games Trilogy Boxed Set,47138.00,4.8,Suzanne Collins,Hardcover,2011
180,14.1,23,Cutting for Stone,14772.00,4.6,Abraham Verghese,Paperback,2011
181,9.64,24,Tina Fey: Bossypants,20154.00,4.3,Tina Fey,Hardcover,2011
182,27,25,"The 4 Hour Body: An Uncommon Guide to Rapid Fat Loss, Incredible Sex and Becoming Superhuman",8292.00,4.4,Timothy Ferriss,Hardcover,2011
183,15.81,26,"In the Garden of Beasts: Love, Terror, and an American Family in Hitler's Berlin",14810.00,4.3,Eric Larson,Hardcover,2011
184,17,27,The 5 Love Languages: The Secret to Love That Lasts,4962.00,4.7,Gary Chapman,Paperback,2011
185,17.12,28,Crazy Love: Overwhelmed by a Relentless God,2262.00,4.7,Francis Chan,Paperback,2011
186,20.99,29,A Stolen Life: A Memoir,10747.00,4.6,Jaycee Dugard,Hardcover,2011
187,12.15,30,The Girl Who Kicked the Hornet's Nest (Millennium Trilogy),25140.00,4.6,Stieg Larsson,Hardcover,2011
188,19.79,51,The Best of Me,16077.00,4.5,Nicholas Sparks,Hardcover,2011
189,40.74,52,Jacqueline Kennedy: Historic Conversations on Life with John F. Kennedy,761.00,4.3,Jacqueline Kennedy,Hardcover,2011
190,10.77,53,The Girl with the Dragon Tattoo (The Girl with the Dragon Tattoo Series),31500.00,4.5,Stieg Larsson,Paperback,2011
191,20,54,The Greater Journey: Americans in Paris,2495.00,4.5,David McCullough,Hardcover,2011
192,20.71,55,Switch: How to Change Things When Change Is Hard,5550.00,4.6,Chip Heath,Hardcover,2011
193,11.99,56,Every Thing On It,1915.00,4.9,Shel Silverstein,Hardcover,2011
194,10.65,57,Miss Peregrine's Home for Peculiar Children,36839.00,4.3,Ransom Riggs,Hardcover,2011
195,14.63,58,Moonwalking With Einstein: The Art and Science of Remembering Everything,9846.00,4.5,Joshua Foer,Hardcover,2011
196,6.84,59,The Great Gatsby: The Only Authorized Edition,15476.00,4.4,F. Scott Fitzgerald,Paperback,2011
197,15,60,The Help,33013.00,4.7,Kathryn Stockett,Hardcover,2011
198,10.81,61,1Q84: A novel,9187.00,4.4,Haruki Murakami,Hardcover,2011
199,14.49,62,Boomerang: Travels in the New Third World,3303.00,4.4,Michael Lewis,Hardcover,2011
200,12.99,63,Who Moved My Cheese,24711.00,4.6,Spencer Johnson,Hardcover,2011
201,15.52,64,"Strengths Based Leadership: Great Leaders, Teams, and Why People Follow",2625.00,4.5,Tom Rath,Hardcover,2011
202,19.98,65,Elder Scrolls V: Skyrim: Prima Official Game Guide,1875.00,4.6,David Hodgson,Paperback,2011
203,9.68,66,The Glass Castle: A Memoir (book),39313.00,4.6,Jeannette Walls,Paperback,2011
204,7.83,67,The Book Thief,67292.00,4.6,Markus Zusak,Paperback,2011
205,13.79,68,"The 4-Hour Workweek: Escape 9-5, Live Anywhere, and Join the New Rich",25795.00,4.5,Timothy Ferriss,Hardcover,2011
206,7.49,69,"Oh, the Places You'll Go!  ",48077.00,4.9,Dr. Seuss,Hardcover,2011
207,12.4,70,Through My Eyes,458.00,4.8,Tim Tebow,Hardcover,2011
208,19.5,71,The Land of Painted Caves: A Novel (Earth's Children),9707.00,4.2,Jean M. Auel,Hardcover,2011
209,17.1,72,"The Social Animal: The Hidden Sources of Love, Character, and Achievement",1217.00,4.4,David Brooks,Hardcover,2011
210,13,73,A Guide to the Project Management Body of Knowledge,755.00,4.4,Project Management Institute,Paperback,2011
211,14,74,Guinness World Records 2012,511.00,4.5,Guinness World Records,Hardcover,2011
212,17.55,75,State of Wonder,9861.00,4.3,Ann Patchett,Hardcover,2011
213,10.82,76,A Visit from the Goon Squad,10436.00,4,Jennifer Egan,Paperback,2011
214,12.79,77,"Prevent And Reverse Heart Disease: The Revolutionary, Scientifically Proven, Nutrition-Based Cure",6399.00,4.6,Caldwell B. Esselstyn Jr.,Paperback,2011
215,45.44,78,Harry Potter Paperback Box Set (Books 1-7),112398.00,4.9,J. K. Rowling,Paperback,2011
216,11.99,79,Explosive Eighteen: A Stephanie Plum Novel (Stephanie Plum Novels),9576.00,4.5,Janet Evanovich,Hardcover,2011
217,9.66,80,The 7 Habits of Highly Effective Teens: The Ultimate Teenage Success Guide,12898.00,4.6,Sean Covey,Paperback,2011
218,16.97,81,"Delivering Happiness: A Path to Profits, Passion, and Purpose",3242.00,4.6,Tony Hsieh,Hardcover,2011
219,14.53,82,"The Lost Hero (Heroes of Olympus, Book 1)",11549.00,4.8,Rick Riordan,Hardcover,2011
220,10.43,83,Room,9750.00,4.5,Emma Donoghue,Paperback,2011
221,13.49,84,Hotel on the Corner of Bitter and Sweet,6239.00,4.6,Jamie Ford,Paperback,2011
222,12.99,85,The Tipping Point: How Little Things Can Make a Big Difference,5732.00,4.4,Malcolm Gladwell,Paperback,2011
223,14.98,86,Emotional Intelligence 2.0,10429.00,4.5,Travis Bradberry,Hardcover,2011
224,15.71,87,Outliers: The Story of Success,22209.00,4.7,Malcolm Gladwell,Paperback,2011
225,8.69,88,Forks Over Knives: The Plant-Based Way to Health. The #1 New York Times Bestseller,2800.00,4.5,Gene Stone,Paperback,2011
226,11.12,89,The Girl Who Played with Fire (Millennium Series),10693.00,4.7,Stieg Larsson,Paperback,2011
227,20.25,90,"Hungry Girl 300 Under 300: 300 Breakfast, Lunch & Dinner Dishes Under 300 Calories",1156.00,4.4,Lisa Lillien,Paperback,2011
228,25,91,The Alchemist,3816.00,4.7,Paulo Coelho,Paperback,2011
229,24.95,92,Getting Things Done: The Art of Stress-Free Productivity,4736.00,4.6,David Allen,Paperback,2011
230,13.03,93,The Invention of Hugo Cabret,2654.00,4.8,Brian Selznick,Hardcover,2011
231,17.89,94,"Now, Discover Your Strengths: The revolutionary Gallup program that shows you how to develop your unique talents and strengths",776.00,3.5,Gallup,Hardcover,2011
232,10.79,95,Drive: The Surprising Truth About What Motivates Us,5489.00,4.5,Daniel H. Pink,Paperback,2011
233,14.44,96,Smokin' Seventeen (Stephanie Plum),3762.00,4.6,Janet Evanovich,Hardcover,2011
234,20.61,97,"Moleskine Classic Notebook, Hard Cover, Large (5"" x 8.25"") Ruled/Lined, Black, 240 Pages",22268.00,4.8,The Moleskine Store ,Hardcover,2011
235,8.79,98,The Big Short: Inside the Doomsday Machine,5893.00,4.7,Michael Lewis,Paperback,2011
236,9.99,99,"Born to Run: A Hidden Tribe, Superathletes, and the Greatest Race the World Has Never Seen",11833.00,4.7,Christopher McDougall,Paperback,2011
237,39.99,100,The Official Guide for GMAT Review,303.00,4.4,GMAC (Graduate Management Admission Council),Paperback,2011
238,11.13,1,"Fifty Shades Of Grey: Book One of the Fifty Shades Trilogy (Fifty Shades of Grey Series, 1)",111859.00,4.2,E L James,Paperback,2012
239,8.89,2,Fifty Shades Darker,75924.00,4.5,E L James,Paperback,2012
240,11.8,3,"Fifty Shades Freed: Book Three of the Fifty Shades Trilogy (Fifty Shades of Grey Series) (English Edition) (Fifty Shades Of Grey Series, 3)",61913.00,4.5,E L James,Paperback,2012
241,7.19,4,The Hunger Games (Book 1),80816.00,4.7,Suzanne Collins,Paperback,2012
242,15.37,5,StrengthsFinder 2.0,8180.00,4.1,Gallup,Hardcover,2012
243,23.69,6,Fifty Shades Trilogy (Fifty Shades of Grey / Fifty Shades Darker / Fifty Shades Freed),69968.00,4.6,E L James,Paperback,2012
244,11.64,7,Catching Fire (The Hunger Games),64916.00,4.7,Suzanne Collins,Hardcover,2012
245,11.44,8,Mockingjay (the Final Book of the Hunger Games) (Hunger Games (Cloth)),79880.00,4.6,Suzanne Collins,Hardcover,2012
246,13.95,9,"The Third Wheel (Diary of a Wimpy Kid, Book 7)",20599.00,4.7,Jeff Kinney,Hardcover,2012
247,13.75,10,No Easy Day: The Autobiography of a Navy Seal: The Firsthand Account of the Mission That Killed Osama Bin Laden,14262.00,4.6,Mark Owen,Hardcover,2012
248,38.62,11,The Hunger Games Trilogy Boxed Set,47138.00,4.8,Suzanne Collins,Hardcover,2012
249,16.98,12,Gone Girl,161568.00,4.1,Gillian Flynn,Hardcover,2012
250,11.37,13,"The Mark of Athena (Heroes of Olympus, Book 3)",31603.00,4.8,Rick Riordan,Hardcover,2012
251,1.87,14,The Official SAT Study Guide,1558.00,4.4,The College Board,Paperback,2012
252,8.51,15,Game of Thrones Boxed Set: A Game of Thrones/A Clash of Kings/A Storm of Swords/A Feast for Crows,8392.00,4.7,George R.R. Martin,Mass Market Paperback,2012
253,19.25,16,Killing Kennedy: The End of Camelot,15519.00,4.5,Bill O'Reilly,Hardcover,2012
254,15.38,17,"Publication Manual of the American Psychological Association, 6th Edition",12971.00,4.5,American Psychological Association,Paperback,2012
255,12.98,18,Killing Lincoln: The Shocking Assassination that Changed America Forever (Bill O'Reilly's Killing Series),15075.00,4.6,Bill O'Reilly,Hardcover,2012
256,15.68,19,"Unbroken: A World War II Story of Survival, Resilience, and Redemption",75437.00,4.7,Laura Hillenbrand,Hardcover,2012
257,11.39,20,Proof of Heaven: A Neurosurgeon's Journey into the Afterlife,23626.00,4.4,Eben Alexander,Paperback,2012
258,17,21,The 5 Love Languages: The Secret to Love That Lasts,4962.00,4.7,Gary Chapman,Paperback,2012
259,18.29,22,Barefoot Contessa Foolproof: Recipes You Can Trust: A Cookbook,2551.00,4.8,Ina Garten,Hardcover,2012
260,19.49,23,"Thinking, Fast and Slow",40511.00,4.6,Daniel Kahneman,Hardcover,2012
261,12.69,24,The Casual Vacancy,20722.00,3.6,J.K. Rowling,Hardcover,2012
262,10.59,25,The Harbinger: The Ancient Mystery that Holds the Secret of America's Future,24231.00,4.7,Jonathan Cahn,Paperback,2012
263,15.61,26,The Power of Habit: Why We Do What We Do in Life and Business,37132.00,4.6,Charles Duhigg,Hardcover,2012
264,18.29,27,Steve Jobs,23442.00,4.7,Walter Isaacson,Hardcover,2012
265,13.76,28,"Wheat Belly: Lose the Wheat, Lose the Weight, and Find Your Path Back to Health",10839.00,4.4,William Davis,Hardcover,2012
266,7.49,29,"Oh, the Places You'll Go!  ",48077.00,4.9,Dr. Seuss,Hardcover,2012
267,17.95,30,The 7 Habits of Highly Effective People: Powerful Lessons in Personal Change,1762.00,4.6,Stephen R. Covey,Paperback,2012
268,18.29,51,The Smitten Kitchen Cookbook: Recipes and Wisdom from an Obsessive Home Cook,1970.00,4.7,Deb Perelman,Hardcover,2012
269,17.81,52,What to Expect When You're Expecting,32927.00,4.8,Heidi Murkoff,Paperback,2012
270,38.99,53,The Walking Dead: Compendium One,8699.00,4.8,Robert Kirkman,Paperback,2012
271,14.4,54,The Signal and the Noise: Why So Many Predictions Fail-But Some Don't,3704.00,4.4,Nate Silver,Hardcover,2012
272,7.77,55,How to Tell If Your Cat Is Plotting to Kill You (The Oatmeal) (Volume 2),12828.00,4.5,The Oatmeal,Paperback,2012
273,19,56,A Dance with Dragons (A Song of Ice and Fire),47723.00,4.6,George R. R. Martin,Hardcover,2012
274,13.02,57,America Again: Re-becoming the Greatness We Never Weren't,651.00,4.3,Stephen Colbert,Hardcover,2012
275,21.27,58,LEGO NINJAGO: Character Encyclopedia,1036.00,4.5,DK Publishing,Hardcover,2012
276,18.99,59,American Sniper: The Autobiography of the Most Lethal Sniper in U.S. Military History,42396.00,4.5,Chris Kyle,Hardcover,2012
277,16.99,60,Outliers: The Story of Success,35973.00,4.6,Malcolm Gladwell,Paperback,2012
278,16.78,61,Teach Like a Champion: 49 Techniques that Put Students on the Path to College,884.00,4.5,Doug Lemov,Paperback,2012
279,19,62,Bared to You,32533.00,4.4,Sylvia Day,Paperback,2012
280,7.74,63,The Four Agreements: A Practical Guide to Personal Freedom (A Toltec Wisdom Book),107993.00,4.7,Don Miguel Ruiz,Paperback,2012
281,15.52,64,"Strengths Based Leadership: Great Leaders, Teams, and Why People Follow",2625.00,4.5,Tom Rath,Hardcover,2012
282,15.8,65,The 17 Day Diet: A Doctor's Plan Designed for Rapid Results,3215.00,4.3,Mike Moreno,Hardcover,2012
283,17.12,66,Crazy Love: Overwhelmed by a Relentless God,2262.00,4.7,Francis Chan,Paperback,2012
284,13.45,67,Go the F**k to Sleep,22528.00,4.8,Adam Mansbach,Hardcover,2012
285,16.25,68,Bring Up the Bodies,18767.00,4.5,Hilary Mantel,Hardcover,2012
286,15.69,69,"Great by Choice: Uncertainty, Chaos, and Luck--Why Some Thrive Despite Them All (Good to Great, 5)",1594.00,4.6,Jim Collins,Hardcover,2012
287,17.99,70,Eat to Live: The Amazing Nutrient-Rich Program for Fast and Sustained Weight Loss,11194.00,4.5,Joel Fuhrman MD,Mass Market Paperback,2012
288,17,71,"Reflected in You (Crossfire, Book 2)",23752.00,4.6,Sylvia Day,Paperback,2012
289,12.99,72,Who Moved My Cheese,24711.00,4.6,Spencer Johnson,Hardcover,2012
290,7.83,73,The Book Thief,67292.00,4.6,Markus Zusak,Paperback,2012
291,13,74,A Guide to the Project Management Body of Knowledge,755.00,4.4,Project Management Institute,Paperback,2012
292,14.35,75,"Behind the Beautiful Forevers: Life, Death, and Hope in a Mumbai Undercity",9098.00,4.2,Katherine Boo,Hardcover,2012
293,17.31,76,"Deadlocked (Sookie Stackhouse/True Blood, Book 12)",6733.00,4.5,Charlaine Harris,Hardcover,2012
294,13.6,77,"Crucial Conversations Tools for Talking When Stakes Are High, Second Edition",12000.00,4.6,Kerry Patterson,Paperback,2012
295,15.99,78,Forks Over Knives: The Plant-Based Way to Health. The #1 New York Times Bestseller,3204.00,4.5,Gene Stone,Paperback,2012
296,11.69,79,The Jesus Storybook Bible: Every Story Whispers His Name,12656.00,4.9,Sally Lloyd-Jones,Hardcover,2012
297,14.7,80,Notorious Nineteen: A Stephanie Plum Novel,14620.00,4.5,Janet Evanovich,Hardcover,2012
298,19.87,81,"The 4-Hour Chef: The Simple Path to Cooking Like a Pro, Learning Anything, and Living the Good Life",2827.00,4.5,Timothy Ferriss,Hardcover,2012
299,11.99,82,Cloud Atlas,5824.00,4.3,David Mitchell,Paperback,2012
300,25,83,The Alchemist,3816.00,4.7,Paulo Coelho,Paperback,2012
301,22.6,84,The Hunger Games,42770.00,4.7,Suzanne Collins,Hardcover,2012
302,13,85,"Help, Thanks, Wow: The Three Essential Prayers",2022.00,4.6,Anne Lamott,Hardcover,2012
303,9.67,86,Wonder,35698.00,4.8,R. J. Palacio,Hardcover,2012
304,22.97,87,"Stop Living In This Land, Go To The Everlasting World Of Happiness, Live There Forever",50.00,3.8,Woo Myung,Hardcover,2012
305,9.29,88,"To Heaven and Back: A Doctor's Extraordinary Account of Her Death, Heaven, Angels, and Life Again: A True Story",4826.00,4.5,Mary C. Neal,Paperback,2012
306,9.79,89,"Forks Over Knives: The Cookbook. A New York Times Bestseller: Over 300 Simple and Delicious Plant-Based Recipes to Help You Lose Weight, Be Healthier, and Feel Better Every Day",13075.00,4.5,Del Sroufe,Paperback,2012
307,12.55,90,Catching Fire (Hunger Games),32459.00,4.7,Suzanne Collins,Paperback,2012
308,19.81,91,"A Memory of Light (Wheel of Time, Book 14) (Wheel of Time, 14)",13061.00,4.8,Robert Jordan,Hardcover,2012
309,4.89,92,"Cabin Fever (Diary of a Wimpy Kid, Book 6)",11127.00,4.8,Jeff Kinney,Hardcover,2012
310,15.98,93,The 7 Habits of Highly Effective Teens: The Ultimate Teenage Success Guide,11732.00,4.6,Sean Covey,Paperback,2012
311,26.43,94,The Passage of Power: The Years of Lyndon Johnson,1511.00,4.8,Robert A. Caro,Hardcover,2012
312,14.52,95,The Pioneer Woman Cooks: Recipes from an Accidental Country Girl,5477.00,4.8,Ree Drummond,Hardcover,2012
313,23.95,96,"Divine Healing Hands: Experience Divine Power to Heal You, Animals, and Nature, and to Transform All Life (Soul Power)",153.00,4.6,Zhi Gang Sha Dr.,Hardcover,2012
314,24,97,"The China Study: The Most Comprehensive Study of Nutrition Ever Conducted And the Startling Implications for Diet, Weight Loss, And Long-term Health",5331.00,4.7,Thomas Campbell,Paperback,2012
315,,,,,,,,2012
316,20.26,99,The Meaning of Marriage: Facing the Complexities of Commitment with the Wisdom of God,6212.00,4.8,Timothy Keller,Hardcover,2012
317,5.49,100,Night (Night),8573.00,4.7,Elie Wiesel,Paperback,2012
318,15.37,1,StrengthsFinder 2.0,8180.00,4.1,Gallup,Hardcover,2013
319,14.94,2,"Lean In: Women, Work, and the Will to Lead",17085.00,4.5,Sheryl Sandberg,Hardcover,2013
320,12.3,3,"Diary of a Wimpy Kid: Hard Luck, Book 8",26435.00,4.6,Jeff Kinney,Hardcover,2013
321,11.36,4,Rush Revere and the Brave Pilgrims: Time-Travel Adventures with Exceptional Americans (1),10201.00,4.9,Rush Limbaugh,Hardcover,2013
322,8.89,5,"Jesus Calling, Padded Hardcover, with Scripture References: Enjoying Peace in His Presence (A 365-Day Devotional)",43017.00,4.9,Sarah Young,Hardcover,2013
323,15.69,6,Inferno: A Novel (Robert Langdon),82446.00,4.2,Dan Brown,Hardcover,2013
324,12.2,7,"The House of Hades (Heroes of Olympus, Book 4)",34159.00,4.8,Rick Riordan,Hardcover,2013
325,11.96,8,"Things That Matter: Three Decades of Passions, Pastimes and Politics [Deckled Edge]",11066.00,4.6,Charles Krauthammer,Hardcover,2013
326,6.84,9,The Great Gatsby: The Only Authorized Edition,15476.00,4.4,F. Scott Fitzgerald,Paperback,2013
327,19.39,10,Killing Jesus (Bill O'Reilly's Killing Series),21075.00,4.5,Bill O'Reilly,Hardcover,2013
328,11.39,11,Proof of Heaven: A Neurosurgeon's Journey into the Afterlife,23626.00,4.4,Eben Alexander,Paperback,2013
329,93.49,12,"Diagnostic and Statistical Manual of Mental Disorders, 5th Edition: DSM-5",13025.00,4.7,American Psychiatric Association,Paperback,2013
330,1.87,13,The Official SAT Study Guide,1.56,4.4,The College Board,Paperback,2013
331,10.8,14,The Fault in Our Stars,160029.00,4.6,John Green,Hardcover,2013
332,7.83,15,The Book Thief,67292.00,4.6,Markus Zusak,Paperback,2013
333,9.4,16,Wonder,83334.00,4.7,R. J. Palacio,Hardcover,2013
334,17,17,The 5 Love Languages: The Secret to Love That Lasts,4962.00,4.7,Gary Chapman,Paperback,2013
335,15.38,18,"Publication Manual of the American Psychological Association, 6th Edition",12971.00,4.5,American Psychological Association,Paperback,2013
336,12.83,19,Divergent,17846.00,4.7,Veronica Roth,Paperback,2013
337,4.99,20,Laugh-Out-Loud Jokes for Kids,11768.00,4.6,Rob Elliott,Paperback,2013
338,7.49,21,"Oh, the Places You'll Go!  ",48083.00,4.9,Dr. Seuss,Hardcover,2013
339,9.99,22,"David and Goliath: Underdogs, Misfits, and the Art of Battling Giants",13533.00,4.4,Malcolm Gladwell,Hardcover,2013
340,8.51,23,Game of Thrones Boxed Set: A Game of Thrones/A Clash of Kings/A Storm of Swords/A Feast for Crows,8392.00,4.7,George R.R. Martin,Mass Market Paperback,2013
341,11.72,24,Allegiant,66897.00,4.1,Veronica Roth,Hardcover,2013
342,12.98,25,And the Mountains Echoed,40067.00,4.3,Khaled Hosseini,Hardcover,2013
343,15.67,26,Humans of New York,5583.00,4.8,Brandon Stanton,Hardcover,2013
344,25.49,27,The Legend of Zelda: Hyrule Historia,10388.00,4.9,Patrick Thorpe,Hardcover,2013
345,14.89,28,Doctor Sleep: A Novel,41126.00,4.6,Stephen King,Hardcover,2013
346,4.99,29,Knock-Knock Jokes for Kids: Knock-Knock Jokes for Kids (Joke Book & Gift Idea for Children Ages 6-12. Doubles as a Dad Jokes book for Father's Day and Birthdays) (Laugh-Out-Loud Jokes for Kids),5945.00,4.5,Rob Elliott,Paperback,2013
347,18.5,30,The Goldfinch: A Novel (Pulitzer Prize for Fiction),124205.00,4.1,Donna Tartt,Hardcover,2013
348,15.68,51,"Unbroken: A World War II Story of Survival, Resilience, and Redemption",75437.00,4.7,Laura Hillenbrand,Hardcover,2013
349,7.13,52,Ender's Game (The Ender Quintet),39944.00,4.6,Orson Scott Card,Mass Market Paperback,2013
350,12.86,53,The Gifts of Imperfection: Let Go of Who You Think You're Supposed to Be and Embrace Who You Are,40383.00,4.7,Brené Brown,Paperback,2013
351,15.69,54,"The Cuckoo's Calling (A Cormoran Strike Novel, 1)",71139.00,4.2,Robert Galbraith,Hardcover,2013
352,17.81,55,What to Expect When You're Expecting,32927.00,4.8,Heidi Murkoff,Paperback,2013
353,7.61,56,America the Beautiful: Rediscovering What Made This Nation Great,4610.00,4.7,Ben Carson  M.D.,Paperback,2013
354,13.96,57,The Liberty Amendments: Restoring the American Republic,4339.00,4.8,Mark R. Levin,Hardcover,2013
355,18,58,ZEALOT: The Life and Times of Jesus of Nazareth,10819.00,4.4,Reza Aslan,Hardcover,2013
356,10.64,59,The One and Only Ivan: A Newbery Award Winner,26185.00,4.8,Katherine Applegate,Hardcover,2013
357,18.29,60,Good to Great: Why Some Companies Make the Leap and Others Don't,8446.00,4.5,Jim Collins,Hardcover,2013
358,13.2,61,SI-COLOGY 1: Tales and Wisdom from Duck Dynasty's Favorite Uncle,2568.00,4.7,Si Robertson,Hardcover,2013
359,24.99,62,"IT'S ALL GOOD: Delicious, Easy Recipes That Will Make You Look Good and Feel Great",1471.00,4.5,Gwyneth Paltrow,Hardcover,2013
360,16.99,63,Outliers: The Story of Success,35973.00,4.6,Malcolm Gladwell,Paperback,2013
361,19.29,64,Jerusalem: A Cookbook,5558.00,4.8,Yotam Ottolenghi,Hardcover,2013
362,50.41,65,"Becoming a Supple Leopard: Movement, Mobility, and Maintenance of the Human Animal",1503.00,4.7,Kelly Starrett,Hardcover,2013
363,13.99,66,"Grain Brain: The Surprising Truth about Wheat, Carbs, and Sugar--Your Brain's Silent Killers",10868.00,4.5,David Perlmutter MD,Hardcover,2013
364,7.64,67,Looking for Alaska,31766.00,4.5,John Green,Paperback,2013
365,18.2,68,I Am Malala: The Girl Who Stood Up for Education and Was Shot by the Taliban,19932.00,4.5,Malala Yousafzai,Hardcover,2013
366,4.98,69,Love You Forever,59737.00,4.9,Robert Munsch,Paperback,2013
367,11.22,70,The Perks of Being a Wallflower,38369.00,4.7,Stephen Chbosky,Paperback,2013
368,11.98,71,Practical Paleo: A Customized Approach to Health and a Whole-Foods Lifestyle,4689.00,4.6,Diane Sanfilippo,Paperback,2013
369,23.69,72,Fifty Shades Trilogy (Fifty Shades of Grey / Fifty Shades Darker / Fifty Shades Freed),69968.00,4.6,E L James,Paperback,2013
370,12.84,73,"The FastDiet: Lose Weight, Stay Healthy, and Live Longer with the Simple Secret of Intermittent Fasting",14232.00,4.3,Dr Dr Michael Mosley,Hardcover,2013
371,11.69,74,The Jesus Storybook Bible: Every Story Whispers His Name,12656.00,4.9,Sally Lloyd-Jones,Hardcover,2013
372,9.44,75,Divergent / Insurgent,60257.00,4.5,Veronica Roth,Hardcover,2013
373,10.3,76,How to Win Friends & Influence People (Dale Carnegie Books),111939.00,4.7,Dale Carnegie,Paperback,2013
374,23.75,77,"The Bully Pulpit: Theodore Roosevelt, William Howard Taft, and the Golden Age of Journalism",4151.00,4.5,Doris Kearns Goodwin,Hardcover,2013
375,7.19,78,The Hunger Games (Book 1),80816.00,4.7,Suzanne Collins,Paperback,2013
376,10.99,79,ObamaCare Survival Guide: The Affordable Care Act and What It Means for You and Your Healthcare,1007.00,3.8,Nick J. Tate,Paperback,2013
377,10.59,80,The Harbinger: The Ancient Mystery that Holds the Secret of America's Future,24231.00,4.7,Jonathan Cahn,Paperback,2013
378,12.1,81,The Immortal Life of Henrietta Lacks,16936.00,4.7,Rebecca Skloot,Paperback,2013
379,5.49,82,Night (Night),8573.00,4.7,Elie Wiesel,Paperback,2013
380,13.99,83,Fifty Shades Darker,32887.00,4.5,E L James,Paperback,2013
381,12.99,84,"Eat to Live: The Amazing Nutrient-Rich Program for Fast and Sustained Weight Loss, Revised Edition",9950.00,4.5,Joel Fuhrman MD,Paperback,2013
382,9.79,85,"Forks Over Knives: The Cookbook. A New York Times Bestseller: Over 300 Simple and Delicious Plant-Based Recipes to Help You Lose Weight, Be Healthier, and Feel Better Every Day",13075.00,4.5,Del Sroufe,Paperback,2013
383,13.88,86,"Fifty Shades Freed: Book Three of the Fifty Shades Trilogy (Fifty Shades of Grey Series) (English Edition) (Fifty Shades Of Grey Series, 3)",32375.00,4.5,E L James,Paperback,2013
384,25,87,The Alchemist,3816.00,4.7,Paulo Coelho,Paperback,2013
385,8.99,88,The Catcher in the Rye,30925.00,4.5,J.D. Salinger,Mass Market Paperback,2013
386,8.55,89,Mindset: The New Psychology of Success,13911.00,4.6,Carol S. Dweck,Paperback,2013
387,19.59,90,"Wheat Belly Cookbook: 150 Recipes to Help You Lose the Wheat, Lose the Weight, and Find Your Path Back to Health",2277.00,4.4,William Davis,Hardcover,2013
388,75.49,91,MyMathLab: Student Access Kit,4558.00,4.2,Hall H Pearson Education,Printed Access Code,2013
389,9.48,92,"The Care and Keeping of You: The Body Book for Younger Girls, Revised Edition (American Girl Library)",24552.00,4.8,Valorie Schaefer,Paperback,2013
390,19.19,93,The Power of Habit: Why We Do What We Do in Life and Business,22727.00,4.7,Charles Duhigg,Hardcover,2013
391,16.39,94,The Reason I Jump: The Inner Voice of a Thirteen-Year-Old Boy with Autism,7514.00,4.7,Naoki Higashida,Hardcover,2013
392,15.64,95,"Strengths Based Leadership: Great Leaders, Teams, and Why People Follow",2349.00,4.5,Tom Rath,Hardcover,2013
393,9.87,96,Kaplan GRE Premier 2014 with 6 Practice Tests: book + online + DVD + mobile,463.00,4.3,Kaplan,Paperback,2013
394,16.25,97,The Longest Ride,13380.00,4.7,Nicholas Sparks,Hardcover,2013
395,15.59,98,Life Code: The New Rules for Winning in the Real World,3901.00,4.4,Phil McGraw,Hardcover,2013
396,12.8,99,The Lego Ideas Book: Unlock Your Imagination,9887.00,4.5,Daniel Lipkowitz,Hardcover,2013
397,19.81,100,"A Memory of Light (Wheel of Time, Book 14) (Wheel of Time, 14)",13061.00,4.8,Robert Jordan,Hardcover,2013
398,15.37,1,StrengthsFinder 2.0,8180.00,4.1,Gallup,Hardcover,2014
399,5.98,2,Frozen (Little Golden Book),8215.00,4.7,RH Disney,Hardcover,2014
400,4.99,3,Laugh-Out-Loud Jokes for Kids,11768.00,4.6,Rob Elliott,Paperback,2014
401,11.69,4,The Fault in Our Stars,160029.00,4.6,John Green,Paperback,2014
402,7.1,5,Diary of a Wimpy Kid: The Long Haul,29816.00,4.6,Jeff Kinney,Hardcover,2014
403,18.99,6,Killing Patton: The Strange Death of World War II's Most Audacious General (Bill O'Reilly's Killing Series),19752.00,4.5,Bill O'Reilly,Hardcover,2014
404,15.86,7,What If?: Serious Scientific Answers to Absurd Hypothetical Questions,22531.00,4.6,Randall Munroe,Hardcover,2014
405,11.48,8,The Blood of Olympus (The Heroes of Olympus),41910.00,4.8,Rick Riordan,Hardcover,2014
406,8.89,9,"Jesus Calling, Padded Hardcover, with Scripture References: Enjoying Peace in His Presence (A 365-Day Devotional)",43017.00,4.9,Sarah Young,Hardcover,2014
407,12.49,10,"Unbroken: A World War II Story of Survival, Resilience, and Redemption",75437.00,4.7,Laura Hillenbrand,Paperback,2014
408,5.9,11,Ultimate Sticker Book: Frozen: More Than 60 Reusable Full-Color Stickers,4966.00,4.6,DK,Paperback,2014
409,9.4,12,The Day the Crayons Quit,22793.00,4.8,Drew Daywalt,Hardcover,2014
410,12.83,13,Divergent,17846.00,4.7,Veronica Roth,Paperback,2014
411,10.8,14,The Fault in Our Stars,160029.00,4.6,John Green,Hardcover,2014
412,7.49,15,"Oh, the Places You'll Go!  ",48083.00,4.9,Dr. Seuss,Hardcover,2014
413,20.59,16,To Kill a Mockingbird,130637.00,4.7,Harper Lee,Mass Market Paperback,2014
414,12.9,17,Gone Girl,161570.00,4.1,Gillian Flynn,Paperback,2014
415,7.83,18,The Book Thief,67292.00,4.6,Markus Zusak,Paperback,2014
416,1.87,19,The Official SAT Study Guide,1558.00,4.4,The College Board,Paperback,2014
417,15.67,20,Humans of New York,5583.00,4.8,Brandon Stanton,Hardcover,2014
418,18.5,21,The Goldfinch: A Novel (Pulitzer Prize for Fiction),124205.00,4.1,Donna Tartt,Hardcover,2014
419,93.49,22,"Diagnostic and Statistical Manual of Mental Disorders, 5th Edition: DSM-5",13025.00,4.7,American Psychiatric Association,Paperback,2014
420,9.4,23,Wonder,83334.00,4.7,R. J. Palacio,Hardcover,2014
421,9.9,24,The Book with No Pictures,19067.00,4.8,B. J. Novak,Hardcover,2014
422,10.99,25,Rush Revere and the First Patriots: Time-Travel Adventures With Exceptional Americans (2),5471.00,4.9,Rush Limbaugh,Hardcover,2014
423,17,26,The 5 Love Languages: The Secret to Love That Lasts,4962.00,4.7,Gary Chapman,Paperback,2014
424,4.99,27,Knock-Knock Jokes for Kids: Knock-Knock Jokes for Kids (Joke Book & Gift Idea for Children Ages 6-12. Doubles as a Dad Jokes book for Father's Day and Birthdays) (Laugh-Out-Loud Jokes for Kids),5945.00,4.5,Rob Elliott,Paperback,2014
425,7.11,28,JOURNEY TO THE ICE P,1101.00,4.6,RH Disney,Paperback,2014
426,15.38,29,"Publication Manual of the American Psychological Association, 6th Edition",12971.00,4.5,American Psychological Association,Paperback,2014
427,7.83,30,Little Blue Truck,1961.00,4.9,Alice Schertle,Board book,2014
428,11.72,51,Allegiant,66897.00,4.1,Veronica Roth,Hardcover,2014
429,14.52,52,Yes Please,20540.00,4.2,Amy Poehler,Hardcover,2014
430,18.2,53,"The Five Dysfunctions of a Team: A Leadership Fable, 20th Anniversary Edition",12416.00,4.6,Patrick Lencioni,Hardcover,2014
431,7.74,54,The Four Agreements: A Practical Guide to Personal Freedom (A Toltec Wisdom Book),107993.00,4.7,Don Miguel Ruiz,Paperback,2014
432,18.86,55,The 7 Habits of Highly Effective People: Powerful Lessons in Personal Change,9407.00,4.7,Stephen R. Covey,Paperback,2014
433,11,56,41: A Portrait of My Father,5029.00,4.6,George W. Bush,Hardcover,2014
434,52.99,57,Minecraft: The Complete Handbook Collection,1435.00,4.8,Stephanie Milton,Hardcover,2014
435,5.99,58,Frozen: A Tale of Two Sisters,2249.00,4.4,Melissa Lagonegro,Paperback,2014
436,11.36,59,Rush Revere and the Brave Pilgrims: Time-Travel Adventures with Exceptional Americans (1),10201.00,4.9,Rush Limbaugh,Hardcover,2014
437,12.86,60,The Gifts of Imperfection: Let Go of Who You Think You're Supposed to Be and Embrace Who You Are,40383.00,4.7,Brené Brown,Paperback,2014
438,58.68,61,Divergent / Insurgent / Allegiant,4662.00,4.6,Veronica Roth,Hardcover,2014
439,9.43,62,Heaven is for Real: A Little Boy's Astounding Story of His Trip to Heaven and Back,24991.00,4.6,Todd Burpo,Paperback,2014
440,18.99,63,Flash Boys,17847.00,4.5,Michael Lewis,Hardcover,2014
441,11.3,64,Rush Revere and the American Revolution: Time-Travel Adventures With Exceptional Americans,4887.00,4.9,Rush Limbaugh,Hardcover,2014
442,5,65,Dear Zoo: A Lift-the-Flap Book,28338.00,4.9,Rod Campbell,Board book,2014
443,3.97,66,The Going To Bed Book,17481.00,4.8,Sandra Boynton,Board book,2014
444,29.49,67,The World of Ice & Fire: The Untold History of Westeros and the Game of Thrones,10488.00,4.7,George R. R. Martin,Hardcover,2014
445,57.97,68,The Real ACT Prep Guide,816.00,4.4,ACT,Paperback,2014
446,17.88,69,Gray Mountain: A Novel,86451.00,4,John Grisham,Hardcover,2014
447,17.81,70,What to Expect When You're Expecting,32927.00,4.8,Heidi Murkoff,Paperback,2014
448,11.69,71,The Jesus Storybook Bible: Every Story Whispers His Name,12656.00,4.9,Sally Lloyd-Jones,Hardcover,2014
449,14.94,72,"Lean In: Women, Work, and the Will to Lead",17085.00,4.5,Sheryl Sandberg,Hardcover,2014
450,15,73,The Invention of Wings,53631.00,4.5,Sue Monk Kidd,Hardcover,2014
451,5.79,74,Lord of the Flies,45652.00,4.5,William Golding,Mass Market Paperback,2014
452,6.27,75,Night (Night),20192.00,4.7,Elie Wiesel,Paperback,2014
453,8.93,76,The Catcher in the Rye,37784.00,4.4,J.D. Salinger,Mass Market Paperback,2014
454,14,77,"Soul Healing Miracles: Ancient and New Sacred Wisdom, Knowledge, and Practical Techniques for Healing the Spiritual, Mental, Emotional, and Physical Bodies",289.00,4.6,Zhi Gang Sha,Hardcover,2014
455,7.93,78,"The Care and Keeping of You: The Body Book for Younger Girls, Revised Edition (American Girl Library)",26304.00,4.8,Valorie Schaefer,Paperback,2014
456,17.27,79,"The Skinnytaste Cookbook: Light on Calories, Big on Flavor",8690.00,4.7,Gina Homolka,Hardcover,2014
457,8.36,80,Fahrenheit 451,48445.00,4.6,Ray Bradbury,Paperback,2014
458,14.48,81,"Goodnight, Goodnight Construction Site (Hardcover Books for Toddlers, Preschool Books for Kids)",20089.00,4.9,Sherri Duskey Rinker,Hardcover,2014
459,7.68,82,Paper Towns,10316.00,4.4,John Green,Paperback,2014
460,7.5,83,"The Everything Kids' Science Experiments Book: Boil Ice, Float Water, Measure Gravity-Challenge the World Around You!",6281.00,4.6,Tom Robinson,Paperback,2014
461,7.48,84,,72441.00,4.7,George Orwell,Mass Market Paperback,2014
462,9.49,85,The Outsiders,30584.00,4.8,S. E. Hinton,Paperback,2014
463,14.86,86,MONEY Master the Game: 7 Simple Steps to Financial Freedom,10710.00,4.6,Tony Robbins,Hardcover,2014
464,5.36,87,Goodnight Moon,24815.00,4.9,Margaret Wise Brown,Board book,2014
465,13.47,88,Quiet: The Power of Introverts in a World That Can't Stop Talking,20015.00,4.6,Susan Cain,Paperback,2014
466,23.3,89,Revival: A Novel,11359.00,4.3,Stephen King,Hardcover,2014
467,6.9,90,Giraffes Can't Dance,28447.00,4.8,Giles Andreae,Board book,2014
468,18.23,91,Minecraft: Redstone Handbook: An Official Mojang Book,842.00,4.7,Scholastic,Hardcover,2014
469,9.99,92,Of Mice and Men,25434.00,4.7,John Steinbeck,Mass Market Paperback,2014
470,25.75,93,10-Day Green Smoothie Cleanse: Lose Up to 15 Pounds in 10 Days!,32825.00,4.7,JJ Smith,Paperback,2014
471,20.97,94,"Crucial Conversations Tools for Talking When Stakes Are High, Second Edition",9891.00,4.7,Kerry Patterson,Paperback,2014
472,3.99,95,A Day in the Sun (Disney Frozen) (Pictureback(R)),734.00,4.6,Frank Berrios,Paperback,2014
473,17.1,96,The Giver (Giver Quartet),26262.00,4.7,Lois Lowry,Mass Market Paperback,2014
474,4.59,97,Chicka Chicka Boom Boom (Board Book),33598.00,4.9,Bill Martin Jr.,Board book,2014
475,20,98,Against All Grain: Delectable Paleo Recipes To Eat Well And Feel Great,3350.00,4.7,Danielle Walker,Paperback,2014
476,18.68,99,Minecraft: Essential Handbook,867.00,4.7,Stephanie Milton,Hardcover,2014
477,16.5,100,Good to Great: Why Some Companies Make the Leap and Others Don't,5803.00,4.5,Jim Collins,Hardcover,2014
478,4.78,1,First 100 Words: A Padded Board Book,37035.00,4.7,Roger Priddy,Board book,2015
479,8.89,2,The Life-Changing Magic of Tidying Up: The Japanese Art of Decluttering and Organizing,58661.00,4.5,Marie Kondō,Hardcover,2015
480,4.99,3,Laugh-Out-Loud Jokes for Kids,11768.00,4.6,Rob Elliott,Paperback,2015
481,12.15,4,Secret Garden: An Inky Treasure Hunt and Coloring Book for Adults,15465.00,4.7,Johanna Basford,Paperback,2015
482,15.37,5,StrengthsFinder 2.0,8180.00,4.1,Gallup,Hardcover,2015
483,14.97,6,Go Set a Watchman: A Novel,52446.00,3.8,Harper Lee,Hardcover,2015
484,11.97,7,"Enchanted Forest: An Inky Quest and Coloring book (Activity Books, Mindfulness and Meditation, Illustrated Floral Prints)",8300.00,4.7,Johanna Basford,Paperback,2015
485,15.15,8,All the Light We Cannot See,215273.00,4.5,Anthony Doerr,Hardcover,2015
486,11.11,9,The Girl on the Train,492085.00,4.1,Paula Hawkins,Hardcover,2015
487,6.91,10,Adult Coloring Book: Stress Relieving Patterns,4339.00,4.5,Blue Star Coloring,Paperback,2015
488,12.95,11,Diary of a Wimpy Kid #10: Old School,31184.00,4.7,Jeff Kinney,Hardcover,2015
489,20.59,12,To Kill a Mockingbird,130637.00,4.7,Harper Lee,Mass Market Paperback,2015
490,7.99,13,Adult Coloring Book: Stress Relieving Animal Designs,3984.00,4.6,Blue Star Coloring,Paperback,2015
491,8.49,14,"Adult Coloring Books: A Coloring Book for Adults Featuring Mandalas and Henna Inspired Flowers, Animals, and Paisley Patterns",3192.00,4.5,Coloring Books for Adults,Paperback,2015
492,15.69,15,Humans of New York : Stories,5378.00,4.9,Brandon Stanton,Hardcover,2015
493,10.41,16,The Martian,170736.00,4.6,Andy Weir,Paperback,2015
494,7.49,17,"Oh, the Places You'll Go!  ",48083.00,4.9,Dr. Seuss,Hardcover,2015
495,4.99,18,Knock-Knock Jokes for Kids: Knock-Knock Jokes for Kids (Joke Book & Gift Idea for Children Ages 6-12. Doubles as a Dad Jokes book for Father's Day and Birthdays) (Laugh-Out-Loud Jokes for Kids),5945.00,4.5,Rob Elliott,Paperback,2015
496,5,19,Dear Zoo: A Lift-the-Flap Book,28338.00,4.9,Rod Campbell,Board book,2015
497,9.4,20,The Day the Crayons Quit,22793.00,4.8,Drew Daywalt,Hardcover,2015
498,16.99,21,The Boys in the Boat: Nine Americans and Their Epic Quest for Gold at the 1936 Berlin Olympics,82126.00,4.6,Daniel James Brown,Paperback,2015
499,8.89,22,"Jesus Calling, Padded Hardcover, with Scripture References: Enjoying Peace in His Presence (A 365-Day Devotional)",43017.00,4.9,Sarah Young,Hardcover,2015
500,11.66,23,Mindset: The New Psychology of Success,23656.00,4.6,Carol S. S. Dweck,Paperback,2015
501,12.76,24,"Grey: Fifty Shades of Grey as Told by Christian (Fifty Shades Of Grey Series, 4)",117817.00,4.5,E L James,Paperback,2015
502,5.99,25,Creative Haven Creative Cats Coloring Book (Adult Coloring Books: Pets),5209.00,4.8,Marjorie Sarnat,Paperback,2015
503,10.3,26,How to Win Friends & Influence People (Dale Carnegie Books),111939.00,4.7,Dale Carnegie,Paperback,2015
504,8.39,27,The 5 Love Languages: The Secret to Love that Lasts,89716.00,4.8,Gary Chapman,Paperback,2015
505,11.95,28,Balance (Angie’s Extreme Stress Menders),2291.00,4.6,Angie Grace,Paperback,2015
506,5.38,29,Creative Haven Owls Coloring Book (Adult Coloring Books: Animals),5322.00,4.7,Marjorie Sarnat,Paperback,2015
507,22.99,30,Thug Kitchen: The Official Cookbook: Eat Like You Give a F*ck (Thug Kitchen Cookbooks),15069.00,4.6,Thug Kitchen,Hardcover,2015
508,6.34,51,Diary of a Minecraft Zombie Book 1: A Scare of A Dare (Minecraft Adventure),18657.00,4.7,Zack Zombie,Paperback,2015
509,6.84,52,The Great Gatsby: The Only Authorized Edition,15476.00,4.4,F. Scott Fitzgerald,Paperback,2015
510,14.95,53,Lost Ocean: An Inky Adventure and Coloring Book for Adults,8255.00,4.7,Johanna Basford,Paperback,2015
511,18.2,54,"The Five Dysfunctions of a Team: A Leadership Fable, 20th Anniversary Edition",12416.00,4.6,Patrick Lencioni,Hardcover,2015
512,1.87,55,The Official SAT Study Guide,1558.00,4.4,The College Board,Paperback,2015
513,9.89,56,10-Day Green Smoothie Cleanse,37685.00,4.7,JJ Smith,Paperback,2015
514,12.86,57,The Gifts of Imperfection: Let Go of Who You Think You're Supposed to Be and Embrace Who You Are,40383.00,4.7,Brené Brown,Paperback,2015
515,4.59,58,Chicka Chicka Boom Boom (Board Book),37125.00,4.9,Bill Martin Jr.,Board book,2015
516,12.72,59,The Day the Crayons Came Home,5815.00,4.8,Drew Daywalt,Hardcover,2015
517,15.86,60,What If?: Serious Scientific Answers to Absurd Hypothetical Questions,22531.00,4.6,Randall Munroe,Hardcover,2015
518,7.68,61,Paper Towns,35559.00,4.2,John Green,Paperback,2015
519,12.49,62,"Unbroken: A World War II Story of Survival, Resilience, and Redemption",75437.00,4.7,Laura Hillenbrand,Paperback,2015
520,8.88,63,Get What's Yours: The Secrets to Maxing Out Your Social Security (The Get What's Yours Series),3547.00,4.2,Laurence J. Kotlikoff,Hardcover,2015
521,11.46,64,"Magnus Chase and the Gods of Asgard, Book 1: The Sword of Summer",22912.00,4.6,Rick Riordan,Hardcover,2015
522,9.92,65,Dragons Love Tacos,18118.00,4.8,Adam Rubin,Hardcover,2015
523,8.36,66,Fahrenheit 451,48445.00,4.6,Ray Bradbury,Paperback,2015
524,7.93,67,"The Care and Keeping of You: The Body Book for Younger Girls, Revised Edition (American Girl Library)",26304.00,4.8,Valorie Schaefer,Paperback,2015
525,8.99,68,Potty (Leslie Patricelli board books),13746.00,4.7,Leslie Patricelli,Board book,2015
526,17.69,69,Thing Explainer: Complicated Stuff in Simple Words,4408.00,4.5,Randall Munroe,Hardcover,2015
527,21.05,70,Dead Wake: The Last Crossing of the Lusitania,31190.00,4.4,Erik Larson,Hardcover,2015
528,3.97,71,The Going To Bed Book,17481.00,4.8,Sandra Boynton,Board book,2015
529,10.68,72,"Inspiralized: Turn Vegetables into Healthy, Creative, Satisfying Meals: A Cookbook",3851.00,4.4,Ali Maffucci,Paperback,2015
530,3.99,73,Mystical Mandala Coloring Book (Dover Mandala Coloring Books),2993.00,4.5,Alberta Hutchinson,Paperback,2015
531,93.49,74,"Diagnostic and Statistical Manual of Mental Disorders, 5th Edition: DSM-5",13025.00,4.7,American Psychiatric Association,Paperback,2015
532,5.9,75,Ultimate Sticker Book: Frozen: More Than 60 Reusable Full-Color Stickers,4966.00,4.6,DK,Paperback,2015
533,12,76,The 20/20 Diet: Turn Your Weight Loss Vision Into Reality,8937.00,4,Phil McGraw,Hardcover,2015
534,6.27,77,Night (Night),20192.00,4.7,Elie Wiesel,Paperback,2015
535,17.81,78,What to Expect When You're Expecting,32927.00,4.8,Heidi Murkoff,Paperback,2015
536,11.69,79,The Jesus Storybook Bible: Every Story Whispers His Name,12656.00,4.9,Sally Lloyd-Jones,Hardcover,2015
537,14.63,80,The Road to Character,6038.00,4.3,David Brooks,Hardcover,2015
538,4.98,81,Where Is Baby's Belly Button? A Lift-the-Flap Book,12738.00,4.8,Karen Katz,Board book,2015
539,13.29,82,"The Alchemist, 25th Anniversary: A Fable About Following Your Dream",94750.00,4.7,Paulo Coelho,Paperback,2015
540,13.95,83,Guess How Much I Love You,5890.00,4.8,Sam McBratney,Board book,2015
541,9.99,84,"Creative Coloring Inspirations: Art Activity Pages to Relax and Enjoy! (Design Originals) 30 Motivating & Creative Art Activities on High-Quality, Extra-Thick Perforated Pages that Won't Bleed Through",1797.00,4.7,Valentina Harper,Paperback,2015
542,9.99,85,Little Blue Truck,1958.00,4.9,Alice Schertle,Board book,2015
543,9.49,86,The Outsiders,30584.00,4.8,S. E. Hinton,Paperback,2015
544,11.29,87,"Thinking, Fast and Slow",29732.00,4.6,Daniel Kahneman,Paperback,2015
545,7.5,88,"The Everything Kids' Science Experiments Book: Boil Ice, Float Water, Measure Gravity-Challenge the World Around You!",6281.00,4.6,Tom Robinson,Paperback,2015
546,7.48,89,George Orwell,72441.00,4.7,George Orwell,Mass Market Paperback,2015
547,20.97,90,"Crucial Conversations Tools for Talking When Stakes Are High, Second Edition",9891.00,4.7,Kerry Patterson,Paperback,2015
548,14.98,91,Emotional Intelligence 2.0,10429.00,4.5,Travis Bradberry,Hardcover,2015
549,10.4,92,For the Love: Fighting for Grace in a World of Impossible Standards,1862.00,4.6,Jen Hatmaker,Hardcover,2015
550,13.48,93,"Press Here (Interactive Book for Toddlers and Kids, Interactive Baby Book) (Press Here by Herve Tullet)",13598.00,4.8,Herve Tullet,Hardcover,2015
551,8.22,94,Little Blue Truck board book,8204.00,4.9,Alice Schertle,Board book,2015
552,4.55,95,"Brown Bear, Brown Bear, What Do You See?",47193.00,4.9,Bill Martin Jr.,Board book,2015
553,6.78,96,A Long Walk to Water: Based on a True Story,16131.00,4.7,Linda Sue Park,Paperback,2015
554,25.64,97,A Game of Thrones / A Clash of Kings / A Storm of Swords / A Feast of Crows / A Dance with Dragons,33321.00,4.7,George R. R. Martin,Mass Market Paperback,2015
555,13.32,98,Rogue Lawyer: A Novel,17686.00,4.2,John Grisham,Hardcover,2015
556,4.72,99,Detailed Designs and Beautiful Patterns (Sacred Mandala Designs and Patterns Coloring Books for Adults),1060.00,4.5,Lilt Kids Coloring Books,Paperback,2015
557,5.99,100,Lord of the Flies,31815.00,4.6,William Golding,Mass Market Paperback,2015
558,13.51,1,"Harry Potter and the Cursed Child, Parts 1 & 2, Special Rehearsal Edition Script",101777.00,4.3,J.K. Rowling,Hardcover,2016
559,15.37,2,StrengthsFinder 2.0,8180.00,4.1,Gallup,Hardcover,2016
560,4.78,3,First 100 Words: A Padded Board Book,37035.00,4.7,Roger Priddy,Board book,2016
561,8.89,4,The Life-Changing Magic of Tidying Up: The Japanese Art of Decluttering and Organizing,58661.00,4.5,Marie Kondō,Hardcover,2016
562,7.49,5,"Oh, the Places You'll Go!  ",48083.00,4.9,Dr. Seuss,Hardcover,2016
563,8.66,6,Diary of a Wimpy Kid #11: Double Down,28313.00,4.7,Jeff Kinney,Hardcover,2016
564,17.34,7,When Breath Becomes Air,99728.00,4.7,Paul Kalanithi,Hardcover,2016
565,5.94,8,Giraffes Can't Dance (Board Book),28903.00,4.8,Giles Andreae,Board book,2016
566,8.39,9,The 5 Love Languages: The Secret to Love that Lasts,89716.00,4.8,Gary Chapman,Paperback,2016
567,16.26,10,The Whole30: The 30-Day Guide to Total Health and Food Freedom,16486.00,4.6,Melissa Hartwig Urban,Hardcover,2016
568,10.93,11,A Man Called Ove: A Novel,186212.00,4.6,Fredrik Backman,Paperback,2016
569,18.34,12,Killing the Rising Sun: How America Vanquished World War II Japan (Bill O'Reilly's Killing Series),21299.00,4.6,Bill O'Reilly,Hardcover,2016
570,10.3,13,How to Win Friends & Influence People (Dale Carnegie Books),111939.00,4.7,Dale Carnegie,Paperback,2016
571,10.42,14,The Magnolia Story,21906.00,4.7,Chip Gaines,Hardcover,2016
572,4.99,15,Laugh-Out-Loud Jokes for Kids,11768.00,4.6,Rob Elliott,Paperback,2016
573,20.59,16,To Kill a Mockingbird,130637.00,4.7,Harper Lee,Mass Market Paperback,2016
574,13.2,17,Hillbilly Elegy: A Memoir of a Family and Culture in Crisis,95589.00,4.3,J. D. Vance,Hardcover,2016
575,13.39,18,Fantastic Beasts and Where to Find Them: The Original Screenplay (Harry Potter),15139.00,4.6,J.K. Rowling,Hardcover,2016
576,26.13,19,Hamilton: The Revolution,14249.00,4.9,Lin-Manuel Miranda,Hardcover,2016
577,10.33,20,The Girl on the Train,492085.00,4.1,Paula Hawkins,Paperback,2016
578,11.66,21,Mindset: The New Psychology of Success,23656.00,4.6,Carol S. S. Dweck,Paperback,2016
579,2.95,22,"The Official SAT Study Guide, 2016 Edition",1119.00,4.4,The College Board,Paperback,2016
580,8.99,23,,3156.00,4.5,,Paperback,2016
581,7.74,24,The Four Agreements: A Practical Guide to Personal Freedom (A Toltec Wisdom Book),107993.00,4.7,Don Miguel Ruiz,Paperback,2016
582,7.83,25,Milk and Honey,60345.00,4.7,Rupi Kaur,Paperback,2016
583,3.97,26,The Going To Bed Book,17481.00,4.8,Sandra Boynton,Board book,2016
584,16.99,27,Born to Run,12964.00,4.6,Bruce Springsteen,Hardcover,2016
585,12.64,28,Alexander Hamilton,31810.00,4.7,Ron Chernow,Paperback,2016
586,6.56,29,The Very Hungry Caterpillar,59851.00,4.9,Eric Carle,Board book,2016
587,18.86,30,The 7 Habits of Highly Effective People: Powerful Lessons in Personal Change,9407.00,4.7,Stephen R. Covey,Paperback,2016
588,8.36,51,Fahrenheit 451,48445.00,4.6,Ray Bradbury,Paperback,2016
589,4.98,52,Love You Forever,59737.00,4.9,Robert Munsch,Paperback,2016
590,6.84,53,The Great Gatsby: The Only Authorized Edition,15476.00,4.4,F. Scott Fitzgerald,Paperback,2016
591,18.2,54,"The Five Dysfunctions of a Team: A Leadership Fable, 20th Anniversary Edition",12416.00,4.6,Patrick Lencioni,Hardcover,2016
592,15.15,55,All the Light We Cannot See,215273.00,4.5,Anthony Doerr,Hardcover,2016
593,4.94,56,"Brown Bear, Brown Bear, What Do You See?",58448.00,4.9,Bill Martin Jr.,Board book,2016
594,11.15,57,"The Alchemist, 25th Anniversary: A Fable About Following Your Dream",140829.00,4.6,Paulo Coelho,Paperback,2016
595,10.59,58,"Fervent: A Woman's Battle Plan to Serious, Specific and Strategic Prayer",10821.00,4.9,Priscilla Shirer,Paperback,2016
596,15.68,59,The Whistler,104074.00,4.3,John Grisham,Hardcover,2016
597,4.19,60,If Animals Kissed Good Night,73106.00,4.8,Ann Whitford Paul,Board book,2016
598,18.63,61,Cooking for Jeffrey: A Barefoot Contessa Cookbook,2611.00,4.7,Ina Garten,Hardcover,2016
599,11.2,62,"The Trials of Apollo, Book 1: The Hidden Oracle",22437.00,4.7,Rick Riordan,Hardcover,2016
600,4.99,63,Knock-Knock Jokes for Kids: Knock-Knock Jokes for Kids (Joke Book & Gift Idea for Children Ages 6-12. Doubles as a Dad Jokes book for Father's Day and Birthdays) (Laugh-Out-Loud Jokes for Kids),5945.00,4.5,Rob Elliott,Paperback,2016
601,4.02,64,Puppy Birthday to You! (Paw Patrol) (Little Golden Book),13773.00,4.8,Golden Books,Hardcover,2016
602,12.86,65,The Gifts of Imperfection: Let Go of Who You Think You're Supposed to Be and Embrace Who You Are,40383.00,4.7,Brené Brown,Paperback,2016
603,14.64,66,"Crisis of Character: A White House Secret Service Officer Discloses His Firsthand Experience with Hillary, Bill, and How They Operate",13622.00,4.1,Gary J. Byrne,Hardcover,2016
604,5.68,67,First 100 Animals,9980.00,4.8,Roger Priddy,Board book,2016
605,8.49,68,"Adult Coloring Books: A Coloring Book for Adults Featuring Mandalas and Henna Inspired Flowers, Animals, and Paisley Patterns",3192.00,4.5,Coloring Books for Adults,Paperback,2016
606,5.36,69,Goodnight Moon,27630.00,4.9,Margaret Wise Brown,Board book,2016
607,8.99,70,"Daring Greatly: How the Courage to Be Vulnerable Transforms the Way We Live, Love, Parent, and Lead",29032.00,4.7,Brené Brown,Paperback,2016
608,8.54,71,Miss Peregrine's Home for Peculiar Children (Miss Peregrine's Peculiar Children),36839.00,4.3,Ransom Riggs,Paperback,2016
609,15.69,72,Grit: The Power of Passion and Perseverance,18380.00,4.6,Angela Duckworth,Hardcover,2016
610,14.98,73,Emotional Intelligence 2.0,12663.00,4.5,Travis Bradberry,Hardcover,2016
611,14.65,74,The Underground Railroad (Pulitzer Prize Winner) (National Book Award Winner) (Oprah's Book Club): A Novel,66709.00,4.4,Colson Whitehead,Hardcover,2016
612,5.74,75,The Outsiders,36170.00,4.8,S. E. Hinton,Paperback,2016
613,27.99,76,The Food Lab: Better Home Cooking Through Science,9978.00,4.9,J. Kenji López-Alt,Hardcover,2016
614,7.31,77,Me Before You: A Novel (Movie Tie-In),1232.00,4.6,Jojo Moyes,Paperback,2016
615,4.59,78,Chicka Chicka Boom Boom (Board Book),37125.00,4.9,Bill Martin Jr.,Board book,2016
616,7.93,79,"The Care and Keeping of You: The Body Book for Younger Girls, Revised Edition (American Girl Library)",26304.00,4.8,Valorie Schaefer,Paperback,2016
617,8.99,80,Potty (Leslie Patricelli board books),13746.00,4.7,Leslie Patricelli,Board book,2016
618,20.06,81,"Tools Of Titans: The Tactics, Routines, and Habits of Billionaires, Icons, and World-Class Performers",7920.00,4.7,Timothy Ferriss,Hardcover,2016
619,5.59,82,"First 100 Padded: Numbers, Colors, Shapes",7034.00,4.8,Roger Priddy,Hardcover,2016
620,8.08,83,Good Vibes Coloring Book (Coloring is Fun) (Design Originals): 30 Beginner-Friendly & Relaxing Creative Art Activities; Positive Messages & Inspirational Quotes; Perforated Paper Resists Bleed Through,7275.00,4.7,Thaneeya McArdle,Paperback,2016
621,8.97,84,The Instant Pot Electric Pressure Cooker Cookbook: Easy Recipes for Fast & Healthy Meals,12578.00,4.4,Laurel Randolph,Paperback,2016
622,9.99,85,Quieting Your Heart: 6-Month Bible-Study Journal,1577.00,4.5,Darlene Schacht,Paperback,2016
623,9.9,86,The Book with No Pictures,16882.00,4.8,B. J. Novak,Hardcover,2016
624,5.38,87,Creative Haven Owls Coloring Book (Adult Coloring),5205.00,4.7,Marjorie Sarnat,Paperback,2016
625,9.09,88,"Magnus Chase and the Gods of Asgard, Book 2 The Hammer of Thor (Magnus Chase and the Gods of Asgard, Book 2) (Magnus Chase and the Gods of Asgard, 2)",6468.00,4.7,Rick Riordan,Hardcover,2016
626,9.99,89,Secret Garden: An Inky Treasure Hunt and Coloring Book for Adults,15022.00,4.7,Johanna Basford,Paperback,2016
627,6.98,90,Harry Potter and the Sorcerer's Stone,5120.00,4.8,J.K. Rowling,Paperback,2016
628,8.95,91,Dragons Love Tacos,15753.00,4.8,Adam Rubin,Hardcover,2016
629,22.95,92,D&D Player's Handbook (Dungeons & Dragons Core Rulebook),45711.00,4.9,Dungeons & Dragons,Hardcover,2016
630,7.5,93,"The Everything Kids' Science Experiments Book: Boil Ice, Float Water, Measure Gravity-Challenge the World Around You!",6281.00,4.6,Tom Robinson,Paperback,2016
631,7.48,94,George Orwell,72441.00,4.7,George Orwell,Mass Market Paperback,2016
632,8.48,95,"The Giver (Giver Quartet, 1)",26262.00,4.7,Lois Lowry,Paperback,2016
633,,,,,,,,2016
634,11.29,97,"Thinking, Fast and Slow",29732.00,4.6,Daniel Kahneman,Paperback,2016
635,8.22,98,Little Blue Truck board book,8204.00,4.9,Alice Schertle,Board book,2016
636,14.39,99,Harry Potter Coloring Book,10136.00,4.8,Scholastic,Paperback,2016
637,9.19,100,The Day the Crayons Quit,19898.00,4.8,Drew Daywalt,Hardcover,2016
638,9.4,1,Wonder,83334.00,4.7,R. J. Palacio,Hardcover,2017
639,7.83,2,Milk and Honey,60345.00,4.7,Rupi Kaur,Paperback,2017
640,5.94,3,Giraffes Can't Dance (Board Book),28903.00,4.8,Giles Andreae,Board book,2017
641,14.38,4,The Subtle Art of Not Giving a F*ck: A Counterintuitive Approach to Living a Good Life,138110.00,4.6,Mark Manson,Hardcover,2017
642,10.62,5,The Getaway,29560.00,4.7,Jeff Kinney,Hardcover,2017
643,11.8,6,The Instant Pot Electric Pressure Cooker Cookbook: Easy Recipes for Fast & Healthy Meals,13255.00,4.4,Laurel Randolph,Paperback,2017
644,13.2,7,Hillbilly Elegy: A Memoir of a Family and Culture in Crisis,95589.00,4.3,J. D. Vance,Hardcover,2017
645,9.99,8,Astrophysics for People in a Hurry,35191.00,4.6,Neil deGrasse Tyson,Hardcover,2017
646,4.78,9,First 100 Words: A Padded Board Book,37035.00,4.7,Roger Priddy,Board book,2017
647,16.26,10,The Whole30: The 30-Day Guide to Total Health and Food Freedom,16486.00,4.6,Melissa Hartwig Urban,Hardcover,2017
648,9.53,11,The Handmaid's Tale,154708.00,4.3,Margaret Atwood,Paperback,2017
649,8.39,12,The 5 Love Languages: The Secret to Love that Lasts,89716.00,4.8,Gary Chapman,Paperback,2017
650,8.89,13,You Are a Badass: How to Stop Doubting Your Greatness and Start Living an Awesome Life,45574.00,4.7,Jen Sincero,Paperback,2017
651,12.98,14,What Happened,11150.00,4.5,Hillary Rodham Clinton,Hardcover,2017
652,7.49,15,"Oh, the Places You'll Go!  ",48083.00,4.9,Dr. Seuss,Hardcover,2017
653,11.58,16,Make Your Bed: Little Things That Can Change Your Life...And Maybe the World,43663.00,4.7,Admiral William H. McRaven,Hardcover,2017
654,7.48,17,1984,110385.00,4.6,George Orwell,Mass Market Paperback,2017
655,10.3,18,How to Win Friends & Influence People (Dale Carnegie Books),111939.00,4.7,Dale Carnegie,Paperback,2017
656,23.15,19,Origin: A Novel (Robert Langdon),135714.00,4.3,Dan Brown,Hardcover,2017
657,10.93,20,A Man Called Ove: A Novel,186212.00,4.6,Fredrik Backman,Paperback,2017
658,8.89,21,The Sun and Her Flowers,21604.00,4.7,Rupi Kaur,Paperback,2017
659,5,22,Dear Zoo: A Lift-the-Flap Book,28338.00,4.9,Rod Campbell,Board book,2017
660,7.74,23,The Four Agreements: A Practical Guide to Personal Freedom (A Toltec Wisdom Book),107993.00,4.7,Don Miguel Ruiz,Paperback,2017
661,3.97,24,The Going To Bed Book,17481.00,4.8,Sandra Boynton,Board book,2017
662,15.37,25,StrengthsFinder 2.0,8180.00,4.1,Gallup,Hardcover,2017
663,9.4,26,The Wonderful Things You Will Be,28471.00,4.9,Emily Winfield Martin,Hardcover,2017
664,10.14,27,The Shack: Where Tragedy Confronts Eternity,41131.00,4.6,William P. Young,Paperback,2017
665,8.89,28,The Life-Changing Magic of Tidying Up: The Japanese Art of Decluttering and Organizing,58661.00,4.5,Marie Kondō,Hardcover,2017
666,15.01,29,"Option B: Facing Adversity, Building Resilience, and Finding Joy",7765.00,4.4,Sheryl Sandberg,Hardcover,2017
667,22.99,30,Thug Kitchen: The Official Cookbook: Eat Like You Give a F*ck (Thug Kitchen Cookbooks),8180.00,4.6,Thug Kitchen,Hardcover,2017
668,7.93,51,"The Care and Keeping of You: The Body Book for Younger Girls, Revised Edition (American Girl Library)",26304.00,4.8,Valorie Schaefer,Paperback,2017
669,10.49,52,"Uninvited: Living Loved When You Feel Less Than, Left Out, and Lonely",11660.00,4.7,Lysa TerKeurst,Paperback,2017
670,13.07,53,Big Little Lies,157430.00,4.4,Liane Moriarty,Paperback,2017
671,3.49,54,The Official SAT Study Guide,2426.00,4.5,The College Board,Paperback,2017
672,15.92,55,The Whole30 Cookbook: 150 Delicious and Totally Compliant Recipes to Help You Succeed with the Whole30 and Beyond,2906.00,4.6,Melissa Hartwig Urban,Hardcover,2017
673,11.29,56,"Thinking, Fast and Slow",40513.00,4.6,Daniel Kahneman,Paperback,2017
674,8.89,57,"Jesus Calling, Padded Hardcover, with Scripture References: Enjoying Peace in His Presence (A 365-Day Devotional)",43017.00,4.9,Sarah Young,Hardcover,2017
675,12.88,58,What to Expect When You're Expecting,32927.00,4.8,Heidi Murkoff,Paperback,2017
676,9.68,59,The Glass Castle: A Memoir (book),39313.00,4.6,Jeannette Walls,Paperback,2017
677,6.84,60,The Great Gatsby: The Only Authorized Edition,15476.00,4.4,F. Scott Fitzgerald,Paperback,2017
678,14.67,61,The Wisdom of Sundays: Life-Changing Insights from Super Soul Conversations,2961.00,4.6,Oprah Winfrey,Hardcover,2017
679,5.19,62,P is for Potty! (Sesame Street) (Lift-the-Flap),30046.00,4.7,Naomi Kleinberg,Board book,2017
680,13.49,63,The Rooster Bar,55444.00,4,John Grisham,Hardcover,2017
681,10.98,64,The Giving Tree,32284.00,4.9,Shel Silverstein,Hardcover,2017
682,10.01,65,She Persisted: 13 American Women Who Changed the World,3174.00,4.8,Chelsea Clinton,Hardcover,2017
683,6.3,66,On Tyranny: Twenty Lessons from the Twentieth Century,28765.00,4.7,Timothy Snyder,Paperback,2017
684,11.15,67,"The Alchemist, 25th Anniversary: A Fable About Following Your Dream",140829.00,4.6,Paulo Coelho,Paperback,2017
685,8.36,68,Fahrenheit 451,48445.00,4.6,Ray Bradbury,Paperback,2017
686,11.99,69,Camino Island: A Novel,78921.00,4.2,John Grisham,Hardcover,2017
687,11.99,70,Turtles All the Way Down,24506.00,4.4,John Green,Hardcover,2017
688,12.86,71,The Gifts of Imperfection: Let Go of Who You Think You're Supposed to Be and Embrace Who You Are,40383.00,4.7,Brené Brown,Paperback,2017
689,4.98,72,Love You Forever,59737.00,4.9,Robert Munsch,Paperback,2017
690,17.27,73,"The Pioneer Woman Cooks―Come and Get It!: Simple, Scrumptious Recipes for Crazy Busy Lives",5009.00,4.8,Ree Drummond,Hardcover,2017
691,11.66,74,Mindset: The New Psychology of Success,23656.00,4.6,Carol S. S. Dweck,Paperback,2017
692,5,75,Where Is Baby's Belly Button? A Lift-the-Flap Book,13576.00,4.8,Karen Katz,Board book,2017
693,21.15,76,Grant,13469.00,4.8,Ron Chernow,Hardcover,2017
694,14.05,77,,847.00,4.6,,,2017
695,21.49,78,Sapiens: A Brief History of Humankind,134057.00,4.6,Yuval Noah Harari,Hardcover,2017
696,16.54,79,The Intelligent Investor Rev Ed.: The Definitive Book on Value Investing,38435.00,4.7,Benjamin Graham,Paperback,2017
697,15.15,80,"The Plant Paradox: The Hidden Dangers in ""Healthy"" Foods That Cause Disease and Weight Gain (The Plant Paradox, 1)",30046.00,4.4,Dr. Steven R Gundry  MD,Hardcover,2017
698,12.11,81,"The Trials of Apollo Book Two The Dark Prophecy (Trials of Apollo, 2)",8856.00,4.8,Rick Riordan,Hardcover,2017
699,8.49,82,"Everything, Everything",6977.00,4.7,Nicola Yoon,Paperback,2017
700,12.87,83,Start with Why: How Great Leaders Inspire Everyone to Take Action,25652.00,4.6,Simon Sinek,Paperback,2017
701,15.1,84,Norse Mythology,16852.00,4.7,Neil Gaiman,Hardcover,2017
702,13.46,85,Beneath a Scarlet Sky: A Novel,66012.00,4.7,Mark Sullivan,Paperback,2017
703,1.17,86,Dog Man Unleashed: From the Creator of Captain Underpants (Dog Man #2),17069.00,4.9,Dav Pilkey,Hardcover,2017
704,10.05,87,Lilac Girls: A Novel (Woolsey-Ferriday),14875.00,4.6,Martha Hall Kelly,Paperback,2017
705,21.99,88,"Harry Potter and the Sorcerer's Stone: The Illustrated Edition (Harry Potter, Book 1)",21527.00,4.9,J.K. Rowling,Hardcover,2017
706,11.21,89,"Magnus Chase and the Gods of Asgard, Book 3 The Ship of the Dead (Magnus Chase and the Gods of Asgard, Book 3) (Magnus Chase and the Gods of Asgard, 3)",7021.00,4.8,Rick Riordan,Hardcover,2017
707,12.97,90,"Al Franken, Giant of the Senate",3872.00,4.7,Al Franken,Hardcover,2017
708,16.29,91,Principles: Life and Work,12018.00,4.6,Ray Dalio,Hardcover,2017
709,9.87,92,"Daring Greatly: How the Courage to Be Vulnerable Transforms the Way We Live, Love, Parent, and Lead",11620.00,4.8,Brené Brown,Paperback,2017
710,6.98,93,The Complete Ketogenic Diet for Beginners: Your Essential Guide to Living the Keto Lifestyle,28721.00,4.3,Amy Ramos,Paperback,2017
711,18.59,94,Pokemon Deluxe Essential Handbook: The Need-to-Know Stats and Facts on Over 700 Pokémon,5158.00,4.7,Scholastic,Paperback,2017
712,9.05,95,10-Day Green Smoothie Cleanse,32825.00,4.7,JJ Smith,Paperback,2017
713,11.88,96,The Total Money Makeover: Classic Edition: A Proven Plan for Financial Fitness,24427.00,4.7,Dave Ramsey,Hardcover,2017
714,8.95,97,Dragons Love Tacos,15753.00,4.8,Adam Rubin,Hardcover,2017
715,38.86,98,Harry Potter Paperback Box Set (Books 1-7),91629.00,4.9,J. K. Rowling,Paperback,2017
716,15.7,99,Killing England: The Brutal Struggle for American Independence (Bill O'Reilly's Killing Series),5682.00,4.8,Bill O'Reilly,Hardcover,2017
717,12.18,100,"Rosie Revere, Engineer (The Questioneers)",6386.00,4.9,Andrea Beaty,Hardcover,2017
718,17.18,1,Becoming,195572.00,4.8,Michelle Obama,Hardcover,2018
719,10.99,2,"Girl, Wash Your Face: Stop Believing the Lies About Who You Are So You Can Become Who You Were Meant to Be",41020.00,4.5,Rachel Hollis,Hardcover,2018
720,5.28,3,The Wonky Donkey,80543.00,4.8,Craig Smith,Paperback,2018
721,7.39,4,Fire and Fury: Inside the Trump White House,48881.00,4,Michael Wolff,Hardcover,2018
722,11.9,5,Fear: Trump in the White House,19328.00,4.4,Bob Woodward,Hardcover,2018
723,13.58,6,Last Week Tonight with John Oliver Presents: A Day in the Life of Marlon Bundo (HBO),16684.00,4.9,Jill Twiss,Hardcover,2018
724,14.43,7,12 Rules for Life: An Antidote to Chaos,58099.00,4.7,Jordan B. Peterson,Hardcover,2018
725,14.86,8,Magnolia Table,34339.00,4.8,Joanna Gaines,Hardcover,2018
726,12,9,Whose Boat Is This Boat?: Comments That Don't Help in the Aftermath of a Hurricane,10533.00,4.6,The Staff of The Late Show with Stephen Colbert,Hardcover,2018
727,14.38,10,The Subtle Art of Not Giving a F*ck: A Counterintuitive Approach to Living a Good Life,138110.00,4.6,Mark Manson,Hardcover,2018
728,12.53,11,"A Higher Loyalty: Truth, Lies, and Leadership",17432.00,4.6,James Comey,Hardcover,2018
729,6.98,12,The Complete Ketogenic Diet for Beginners: Your Essential Guide to Living the Keto Lifestyle,31171.00,4.3,Amy Ramos,Paperback,2018
730,8.79,13,Diary of a Wimpy Kid #13: Meltdown,30174.00,4.8,Jeff Kinney,Hardcover,2018
731,8.39,14,The 5 Love Languages: The Secret to Love that Lasts,89716.00,4.8,Gary Chapman,Paperback,2018
732,4.78,15,First 100 Words: A Padded Board Book,37035.00,4.7,Roger Priddy,Board book,2018
733,8.82,16,Dog Man: Lord of the Fleas: From the Creator of Captain Underpants (Dog Man #5),18769.00,4.8,Dav Pilkey,Hardcover,2018
734,14.66,17,Educated: A Memoir,208462.00,4.6,Tara Westover,Hardcover,2018
735,8.89,18,You Are a Badass: How to Stop Doubting Your Greatness and Start Living an Awesome Life,45574.00,4.7,Jen Sincero,Paperback,2018
736,15.15,19,"The Plant Paradox: The Hidden Dangers in ""Healthy"" Foods That Cause Disease and Weight Gain (The Plant Paradox, 1)",16117.00,4.4,Dr. Steven R Gundry  MD,Hardcover,2018
737,5.94,20,Giraffes Can't Dance (Board Book),28903.00,4.8,Giles Andreae,Board book,2018
738,26.1,21,D&D Player’s Handbook (Dungeons & Dragons Core Rulebook),16117.00,4.9,Dungeons & Dragons,Hardcover,2018
739,20.9,22,Homebody: A Guide to Creating Spaces You Never Want to Leave,11626.00,4.8,Joanna Gaines,Hardcover,2018
740,6.56,23,The Very Hungry Caterpillar,59851.00,4.9,Eric Carle,Board book,2018
741,10.95,24,Crazy Rich Asians (Crazy Rich Asians Trilogy),52783.00,4.3,Kevin Kwan,Paperback,2018
742,10.73,25,The Hate U Give: A Printz Honor Winner,47556.00,4.7,Angie Thomas,Hardcover,2018
743,11.8,26,The Instant Pot Electric Pressure Cooker Cookbook: Easy Recipes for Fast & Healthy Meals,13255.00,4.4,Laurel Randolph,Paperback,2018
744,7.74,27,The Four Agreements: A Practical Guide to Personal Freedom (A Toltec Wisdom Book),107993.00,4.7,Don Miguel Ruiz,Paperback,2018
745,9.4,28,The Wonderful Things You Will Be,28471.00,4.9,Emily Winfield Martin,Hardcover,2018
746,5.19,29,P is for Potty! (Sesame Street) (Lift-the-Flap),30046.00,4.7,Naomi Kleinberg,Board book,2018
747,4.98,30,The Pout-Pout Fish,25837.00,4.8,Deborah Diesen,Board book,2018
748,11.15,51,"The Alchemist, 25th Anniversary: A Fable About Following Your Dream",140829.00,4.6,Paulo Coelho,Paperback,2018
749,9.4,52,Wonder,83334.00,4.7,R. J. Palacio,Hardcover,2018
750,8.89,53,To Kill a Mockingbird,130637.00,4.7,Harper Lee,Paperback,2018
751,16.26,54,The Whole30: The 30-Day Guide to Total Health and Food Freedom,16486.00,4.6,Melissa Hartwig Urban,Hardcover,2018
752,18.29,55,The Keto Diet: The Complete Guide to a High-Fat Diet,7713.00,4.4,Bill Martin Jr.,Paperback,2018
753,10.99,56,Everybody Always: Becoming Love in a World Full of Setbacks and Difficult People,8936.00,4.8,Valorie Schaefer,Paperback,2018
754,14.73,57,Before We Were Yours: A Novel,141704.00,4.6,Dungeons & Dragons,Hardcover,2018
755,15.73,58,The Reckoning: A Novel,62725.00,4.1,John Grisham,Hardcover,2018
756,4.94,59,"Brown Bear, Brown Bear, What Do You See?",58448.00,4.9,Bill Martin Jr.,Board book,2018
757,13.46,60,Beneath a Scarlet Sky: A Novel,221991.00,4.6,Mark Sullivan,Paperback,2018
758,12.88,61,What to Expect When You're Expecting,32927.00,4.8,Heidi Murkoff,Paperback,2018
759,18.98,62,Principles: Life and Work,17273.00,4.6,Ray Dalio,Hardcover,2018
760,9.99,63,Astrophysics for People in a Hurry,35191.00,4.6,Neil deGrasse Tyson,Hardcover,2018
761,4.99,64,Laugh-Out-Loud Jokes for Kids,11768.00,4.6,Rob Elliott,Paperback,2018
762,26.37,65,"Medical Medium Liver Rescue: Answers to Eczema, Psoriasis, Diabetes, Strep, Acne, Gout, Bloating, Gallstones, Adrenal Stress, Fatigue, Fatty Liver, Weight Issues, SIBO & Autoimmune Disease",11802.00,4.7,Anthony William,Hardcover,2018
763,3.49,66,The Official SAT Study Guide,2426.00,4.5,The College Board,Paperback,2018
764,6.14,67,Calm the F*ck Down: An Irreverent Adult Coloring Book,21345.00,4.6,Sasha O'Hara,Paperback,2018
765,7.93,68,"The Care and Keeping of You: The Body Book for Younger Girls, Revised Edition (American Girl Library)",26304.00,4.8,Valorie Schaefer,Paperback,2018
766,15.68,69,Outsider: A Novel,56112.00,4.5,Stephen King,Hardcover,2018
767,14.67,70,Where the Crawdads Sing,612377.00,4.7,Delia Owens,Hardcover,2018
768,27.97,71,D&D Dungeon Master’s Guide (Dungeons & Dragons Core Rulebook),28528.00,4.9,Dungeons & Dragons,Hardcover,2018
769,13.06,72,Sapiens: A Brief History of Humankind,134058.00,4.6,Yuval Harari,Paperback,2018
770,4.98,73,Love You Forever,59737.00,4.9,Dungeons & Dragons,Paperback,2018
771,9.92,74,Dragons Love Tacos,18118.00,4.8,Gallup,Hardcover,2018
772,14.1,75,The Woman in the Window: A Novel,130163.00,4.3,A. J. Finn,Hardcover,2018
773,16.49,76,D&D Monster Manual (Dungeons & Dragons Core Rulebook),134058.00,4.9,Dungeons & Dragons,Hardcover,2018
774,17.06,77,Simply Keto: A Practical Approach to Health & Weight Loss with 100+ Easy Low-Carb Recipes,10170.00,4.6,Suzanne Ryan,Paperback,2018
775,15.37,78,StrengthsFinder 2.0,8180.00,4.1,Gallup,Hardcover,2018
776,17.04,79,Extreme Ownership: How U.S. Navy SEALs Lead and Win (New Edition),35012.00,4.8,Jocko Willink,Hardcover,2018
777,13.99,80,The Russia Hoax: The Illicit Scheme to Clear Hillary Clinton and Frame Donald Trump,6066.00,4.8,Gregg Jarrett,Hardcover,2018
778,4.99,81,How to Draw 101 Animals (1),24653.00,4.7,Dan Green,Paperback,2018
779,9,82,The Sun and Her Flowers,16958.00,4.8,Rupi Kaur,Paperback,2018
780,8.32,83,The Life-Changing Magic of Tidying Up: The Japanese Art of Decluttering and Organizing,28111.00,4.5,Marie Kondō,Hardcover,2018
781,8.94,84,"The Easy 5-Ingredient Ketogenic Diet Cookbook: Low-Carb, High-Fat Recipes for Busy People on the Keto Diet",15796.00,4.4,Jen Fisch,Paperback,2018
782,7,85,Where Do Diggers Sleep at Night? (Where Do...Series),13755.00,4.8,Brianna Caplan Sayres,Board book,2018
783,17.99,86,The 7 Habits of Highly Effective People: Powerful Lessons in Personal Change,9187.00,4.7,Stephen R. Covey,Paperback,2018
784,15.74,87,"Whiskey in a Teacup: What Growing Up in the South Taught Me About Life, Love, and Baking Biscuits",4743.00,4.7,Reese Witherspoon,Hardcover,2018
785,18.5,88,Man's Search for Meaning (OLD EDITION/OUT OF PRINT),53306.00,4.7,Viktor E. Frankl,Paperback,2018
786,14.4,89,The Great Alone: A Novel,44690.00,4.7,Kristin Hannah,Hardcover,2018
787,11.88,90,The Total Money Makeover: Classic Edition: A Proven Plan for Financial Fitness,24427.00,4.7,Dave Ramsey,Hardcover,2018
788,14.42,91,Cravings: Hungry for More: A Cookbook,6748.00,4.8,Chrissy Teigen,Hardcover,2018
789,14.35,92,The Handmaid's Tale,60681.00,4.4,Margaret Atwood,Paperback,2018
790,6.92,93,The Gifts of Imperfection: Let Go of Who You Think You're Supposed to Be and Embrace Who You Are,29674.00,4.7,Brené Brown,Paperback,2018
791,6.79,94,The Great Gatsby: The Only Authorized Edition,18656.00,4.5,F. Scott Fitzgerald,Paperback,2018
792,11.4,95,"The Body Keeps the Score: Brain, Mind, and Body in the Healing of Trauma",55928.00,4.8,Bessel van der Kolk M.D.,Paperback,2018
793,10.99,96,"Gmorning, Gnight!: Little Pep Talks for Me & You",4789.00,4.8,Lin-Manuel Miranda,Hardcover,2018
794,8.99,97,Rich Dad Poor Dad: What the Rich Teach Their Kids About Money That the Poor and Middle Class Do Not!,94095.00,4.7,Robert T. Kiyosaki,Mass Market Paperback,2018
795,11.58,98,Make Your Bed: Little Things That Can Change Your Life...And Maybe the World,29897.00,4.7,Admiral William H. McRaven,Hardcover,2018
796,38.86,99,Harry Potter Paperback Box Set (Books 1-7),91629.00,4.9,J. K. Rowling,Paperback,2018
797,32.99,100,Xanathar's Guide to Everything (Dungeons & Dragons),20036.00,4.9,Dungeons & Dragons,Hardcover,2018
798,12.39,1,Where the Crawdads Sing,344811.00,4.8,Delia Owens,Hardcover,2019
799,16.5,2,Becoming,123276.00,4.8,Michelle Obama,Hardcover,2019
800,13,3,Educated: A Memoir,69406.00,4.7,Tara Westover,Hardcover,2019
801,6.43,4,Dog Man: For Whom the Ball Rolls: From the Creator of Captain Underpants (Dog Man #7),23639.00,4.9,Dav Pilkey,Hardcover,2019
802,11.51,5,"Girl, Wash Your Face: Stop Believing the Lies About Who You Are So You Can Become Who You Were Meant to Be",27338.00,4.6,Rachel Hollis,Hardcover,2019
803,7.76,6,Dog Man: Fetch-22: From the Creator of Captain Underpants (Dog Man #8),27986.00,4.9,Dav Pilkey,Hardcover,2019
804,8.96,7,Wrecking Ball (Diary of a Wimpy Kid Book 14),18630.00,4.9,Jeff Kinney,Hardcover,2019
805,8.55,8,The Wonderful Things You Will Be,25148.00,4.9,Emily Winfield Martin,Hardcover,2019
806,5.99,9,"School Zone - Big Preschool Workbook - 320 Pages, Ages 3 to 5, Colors, Shapes, Numbers, Early Math, Alphabet, Pre-Writing, Phonics, Following Directions, and More (School Zone Big Workbook Series)",66846.00,4.8,School Zone,Paperback,2019
807,7.57,10,The 5 Love Languages: The Secret to Love that Lasts,69866.00,4.8,Gary Chapman,Paperback,2019
808,9.98,11,"Girl, Stop Apologizing: A Shame-Free Plan for Embracing and Achieving Your Goals",14255.00,4.6,Rachel Hollis,Hardcover,2019
809,5.28,12,The Wonky Donkey,74725.00,4.8,Craig Smith,Paperback,2019
810,14.35,13,The Subtle Art of Not Giving a F*ck: A Counterintuitive Approach to Living a Good Life,80328.00,4.6,Mark Manson,Hardcover,2019
811,5.99,14,Difficult Riddles For Smart Kids: 300 Difficult Riddles And Brain Teasers Families Will Love (Books for Smart Kids),28840.00,4.6,M Prefontaine,Paperback,2019
812,16.65,15,"Salt, Fat, Acid, Heat: Mastering the Elements of Good Cooking",20620.00,4.8,Samin Nosrat,Hardcover,2019
813,4.93,16,The Very Hungry Caterpillar,54008.00,4.9,Eric Carle,Board book,2019
814,11.89,17,"What Should Danny Do? (The Power to Choose Series) (The Power to Choose, 1)",22169.00,4.8,Adir Levy,Hardcover,2019
815,23.55,18,It's Not Supposed to Be This Way: Finding Unexpected Strength When Disappointments Leave You Shattered,17297.00,4.8,Lysa TerKeurst,Hardcover,2019
816,6.99,19,"I Am Confident, Brave & Beautiful: A Coloring Book for Girls",32091.00,4.8,Hopscotch Girls,Paperback,2019
817,7.74,20,The Four Agreements: A Practical Guide to Personal Freedom (A Toltec Wisdom Book),86676.00,4.7,Don Miguel Ruiz,Paperback,2019
818,12.99,21,Unfreedom of the Press,9263.00,4.9,Mark R. Levin,Hardcover,2019
819,9.99,22,Dog Man: Brawl of the Wild: From the Creator of Captain Underpants (Dog Man #6),18456.00,4.9,Dav Pilkey,Hardcover,2019
820,6.9,23,Giraffes Can't Dance,28447.00,4.8,Giles Andreae,Board book,2019
821,4.14,24,If Animals Kissed Good Night,69538.00,4.8,Ann Whitford Paul,Board book,2019
822,8.48,25,"Oh, the Places You'll Go!",42848.00,4.9,Dr. Seuss,Hardcover,2019
823,17.51,26,Howard Stern Comes Again,7960.00,4.5,Howard Stern,Hardcover,2019
824,5.9,27,Guts: A Graphic Novel,13983.00,4.8,Raina Telgemeier,Paperback,2019
825,8.32,28,The Life-Changing Magic of Tidying Up: The Japanese Art of Decluttering and Organizing,28111.00,4.5,Marie Kondō,Hardcover,2019
826,21.52,29,"Harry Potter and the Goblet of Fire: The Illustrated Edition (Harry Potter, Book 4) (Illustrated edition) (4)",24882.00,4.9,J. K. Rowling,Hardcover,2019
827,8.72,30,National Geographic Little Kids First Big Book of Why (National Geographic Little Kids First Big Books),17839.00,4.8,Amy Shields,Hardcover,2019
828,8.7,31,Instant Pot Pressure Cooker Cookbook: 500 Everyday Recipes for Beginners and Advanced Users. Try Easy and Healthy Instant Pot Recipes.,13295.00,4.4,Jennifer Smith,Paperback,2019
829,11.4,32,"The Body Keeps the Score: Brain, Mind, and Body in the Healing of Trauma",55928.00,4.8,Bessel van der Kolk M.D.,Paperback,2019
830,6.99,33,Good Days Start With Gratitude: A 52 Week Guide To Cultivate An Attitude Of Gratitude: Gratitude Journal,27801.00,4.6,Pretty Simple Press,Paperback,2019
831,5.36,34,Goodnight Moon,24815.00,4.9,Margaret Wise Brown,Board book,2019
832,6.98,35,The Complete Ketogenic Diet for Beginners: Your Essential Guide to Living the Keto Lifestyle,28721.00,4.3,Amy Ramos,Paperback,2019
833,4.99,36,Unicorn Coloring Book: For Kids Ages 4-8 (US Edition) (Silly Bear Coloring Books),20061.00,4.8,Silly Bear,Paperback,2019
834,9.25,37,Strange Planet (Strange Planet Series),16341.00,4.9,Nathan W. Pyle,Hardcover,2019
835,22.95,38,D&D Player's Handbook (Dungeons & Dragons Core Rulebook),45713.00,4.9,Dungeons & Dragons,Hardcover,2019
836,12.99,39,The Silent Patient,135163.00,4.5,Alex Michaelides,Hardcover,2019
837,11.97,40,"5,000 Awesome Facts (About Everything!)",19088.00,4.8,National Kids,Hardcover,2019
838,7.19,41,To Kill a Mockingbird,68842.00,4.8,Harper Lee,Paperback,2019
839,8.45,42,You Are a Badass: How to Stop Doubting Your Greatness and Start Living an Awesome Life,35414.00,4.7,Jen Sincero,Paperback,2019
840,12.98,43,"National Geographic Kids Why?: Over 1,111 Answers to Everything",12922.00,4.8,Crispin Boyer,Hardcover,2019
841,20.35,44,Can't Hurt Me: Master Your Mind and Defy the Odds,60784.00,4.8,David Goggins,Hardcover,2019
842,13.73,45,The Guardians: A Novel,35843.00,4.5,John Grisham,Hardcover,2019
843,5.72,46,P is for Potty! (Sesame Street) (Lift-the-Flap),28308.00,4.7,Naomi Kleinberg,Board book,2019
844,11.88,47,The Total Money Makeover: Classic Edition: A Proven Plan for Financial Fitness,24427.00,4.7,Dave Ramsey,Hardcover,2019
845,4.55,48,"Brown Bear, Brown Bear, What Do You See?",47194.00,4.9,Bill Martin Jr.,Board book,2019
846,9.99,49,The Unofficial Harry Potter Cookbook: From Cauldron Cakes to Knickerbocker Glory--More Than 150 Magical Recipes for Wizards and Non-Wizards Alike (Unofficial Cookbook),30623.00,4.7,Dinah Bucholz,Hardcover,2019
847,9.63,50,The Mueller Report,4086.00,4.5,The Washington Post,Paperback,2019
848,13.49,51,Zen as F*ck (Zen as F*ck Journals),23862.00,4.7,Monica Sweeney,Paperback,2019
849,8.99,52,Rich Dad Poor Dad: What the Rich Teach Their Kids About Money That the Poor and Middle Class Do Not!,94095.00,4.7,Robert T. Kiyosaki,Mass Market Paperback,2019
850,14.67,53,The Institute: A Novel,33465.00,4.7,Stephen King,Hardcover,2019
851,14.99,54,The Testaments: The Sequel to The Handmaid's Tale,30465.00,4.6,Margaret Atwood,Hardcover,2019
852,17.07,55,Super Deluxe Essential Handbook (Pokémon): The Need-to-Know Stats and Facts on Over 800 Characters,20986.00,4.8,Scholastic,Paperback,2019
853,6.99,56,Lettering and Modern Calligraphy: A Beginner's Guide: Learn Hand Lettering and Brush Lettering,20363.00,4.5,Paper Peony Press,Paperback,2019
854,2.99,57,"Carson Dellosa First Words Flash Cards, High Frequency Vocabulary Words and Picture for Preschool and Kindergarten, Sight Word Game for Toddlers Ages 4+ (54 Cards) Cards",49404.00,4.8,Brighter Child,Cards,2019
855,11.98,58,Atomic Habits: An Easy & Proven Way to Build Good Habits & Break Bad Ones,84079.00,4.8,James Clear,Hardcover,2019
856,11.58,59,Make Your Bed: Little Things That Can Change Your Life...And Maybe the World,29897.00,4.7,Admiral William H. McRaven,Hardcover,2019
857,6.92,60,The Gifts of Imperfection: Let Go of Who You Think You're Supposed to Be and Embrace Who You Are,29674.00,4.7,Brene Brown,Paperback,2019
858,15.5,61,Sapiens: A Brief History of Humankind,29698.00,4.6,Yuval Harari,Paperback,2019
859,12.7,62,What to Expect When You're Expecting,29389.00,4.8,Heidi Murkoff,Paperback,2019
860,13.99,63,Where the Crawdads Sing,344811.00,4.8,Delia Owens,Paperback,2019
861,9.87,64,"Daring Greatly: How the Courage to Be Vulnerable Transforms the Way We Live, Love, Parent, and Lead",11620.00,4.8,Brené Brown,Paperback,2019
862,13.29,65,"The Alchemist, 25th Anniversary: A Fable About Following Your Dream",94750.00,4.7,Paulo Coelho,Paperback,2019
863,24.29,66,"Publication Manual of the American Psychological Association, 6th Edition",12674.00,4.5,American Psychological Association,Paperback,2019
864,4.98,67,The Pout-Pout Fish,23576.00,4.9,Deborah Diesen,Board book,2019
865,13.38,68,Talking to Strangers: What We Should Know about the People We Don't Know,15461.00,4.5,Malcolm Gladwell,Hardcover,2019
866,5,69,Dear Zoo: A Lift-the-Flap Book,26396.00,4.8,Rod Campbell,Board book,2019
867,14.29,70,The Overstory: A Novel,16428.00,4.4,Richard Powers,Paperback,2019
868,8.29,71,Fahrenheit 451,34955.00,4.6,Ray Bradbury,Paperback,2019
869,18.29,72,StrengthsFinder 2.0,7082.00,4.1,Gallup,Hardcover,2019
870,18.14,73,12 Rules for Life: An Antidote to Chaos,58074.00,4.8,Jordan B. Peterson,Hardcover,2019
871,8.31,74,Eleanor Oliphant Is Completely Fine: A Novel,59925.00,4.5,Gail Honeyman,Paperback,2019
872,14.71,75,Me: Elton John Official Autobiography,21207.00,4.8,Elton John,Hardcover,2019
873,11.99,76,The Road Back to You: An Enneagram Journey to Self-Discovery,10495.00,4.7,Ian Morgan Cron,Hardcover,2019
874,9.57,77,The Tattooist of Auschwitz: A Novel,55794.00,4.7,Heather Morris,Paperback,2019
875,10.99,78,People of Walmart Adult Coloring Book: Rolling Back Dignity,10544.00,4.7,Andrew Kipple,Paperback,2019
876,6.79,79,The Great Gatsby: The Only Authorized Edition,18656.00,4.5,F. Scott Fitzgerald,Paperback,2019
877,13,80,The Complete Cookbook for Young Chefs: 100+ Recipes that You'll Love to Cook and Eat,19201.00,4.8,America's Test Kitchen Kids,Hardcover,2019
878,8.6,81,"Blowout: Corrupted Democracy, Rogue State Russia, and the Richest, Most Destructive Industry on Earth",8470.00,4.8,Rachel Maddow,Hardcover,2019
879,4.98,82,Love You Forever,53161.00,4.9,Robert Munsch,Paperback,2019
880,8.94,83,"The Easy 5-Ingredient Ketogenic Diet Cookbook: Low-Carb, High-Fat Recipes for Busy People on the Keto Diet",15796.00,4.4,Jen Fisch,Paperback,2019
881,8.14,84,The Giving Tree,27476.00,4.9,Shel Silverstein,Hardcover,2019
882,8.95,85,Dragons Love Tacos,15753.00,4.8,Adam Rubin,Hardcover,2019
883,10.5,86,How to Win Friends & Influence People,79094.00,4.7,Dale Carnegie,Paperback,2019
884,16.59,87,Magnolia Table,32326.00,4.8,Joanna Gaines,Hardcover,2019
885,16.95,88,The Obesity Code - Unlocking the Secrets of Weight Loss (Book 1),25528.00,4.6,Dr. Jason Fung,Paperback,2019
886,11,89,"Magic Tree House Boxed Set, Books 1-4: Dinosaurs Before Dark, The Knight at Dawn, Mummies in the Morning, and Pirates Past Noon",19363.00,4.8,Mary Pope Osborne,Paperback,2019
887,8.09,90,Then She Was Gone: A Novel,49979.00,4.5,Lisa Jewell,Paperback,2019
888,13.98,91,The Pioneers: The Heroic Story of the Settlers Who Brought the American Ideal West,7648.00,4.4,David McCullough,Hardcover,2019
889,11.66,92,Wacky Waving Inflatable Tube Guy (RP Minis),38588.00,4,Conor Riordan,Paperback,2019
890,21.99,93,"Medical Medium Liver Rescue: Answers to Eczema, Psoriasis, Diabetes, Strep, Acne, Gout, Bloating, Gallstones, Adrenal Stress, Fatigue, Fatty Liver, Weight Issues, SIBO & Autoimmune Disease",10982.00,4.7,Anthony William,Hardcover,2019
891,9.48,94,"The Care and Keeping of You: The Body Book for Younger Girls, Revised Edition (American Girl Library)",24544.00,4.8,Valorie Schaefer,Paperback,2019
892,5.98,95,There's No Place Like Space: All About Our Solar System (Cat in the Hat's Learning Library),24728.00,4.8,Tish Rabe,Hardcover,2019
893,4.99,96,How to Draw 101 Animals (1),24653.00,4.7,Dan Green,Paperback,2019
894,,,,,,,,2019
895,15.9,98,Simply Keto: A Practical Approach to Health & Weight Loss with 100+ Easy Low-Carb Recipes,9484.00,4.6,Suzanne Ryan,Paperback,2019
896,9.49,99,The Outsiders,30584.00,4.8,S. E. Hinton,Paperback,2019
897,6.99,100,The Try Not to Laugh Challenge - Would Your Rather? - EWW Edition,16760.00,4.6,Crazy Corey,Paperback,2019
